Book_ID,Title,Image_Path,Author_First,Author_Last,Review_Score,Description
0,A Brief History of Everything,./bookshelf_images/All_Non_Fiction_Images/A_Brief_History_of_Everything.JPG,Ken,Wilber,5,"Lorem ipsum dolor sit amet, consectetur adipiscing elit. Quod autem magnum dolorem brevem, longinquum levem esse dicitis, id non intellego quale sit. Quorum altera prosunt, nocent altera. Ita graviter et severe voluptatem secrevit a bono. Quid ergo attinet dicere:Lorem ipsum dolor sit amet, consectetur adipiscing elit. Quod autem magnum dolorem brevem, longinquum levem esse dicitis, id non intellego quale sit. "
1,A Brief History of Time,./bookshelf_images/All_Non_Fiction_Images/A_Brief_History_of_Time.JPG,Steven,Hawking,2,"Lorem ipsum dolor sit amet, consectetur adipiscing elit. Quod autem magnum dolorem brevem, longinquum levem esse dicitis, id non intellego quale sit. Quorum altera prosunt, nocent altera. Ita graviter et severe voluptatem secrevit a bono. Quid ergo attinet dicere:Lorem ipsum dolor sit amet, consectetur adipiscing elit. Quod autem magnum dolorem brevem, longinquum levem esse dicitis, id non intellego quale sit. "
2,A Higher Loyalty,./bookshelf_images/All_Non_Fiction_Images/A_Higher_Loyalty.JPG,James,Comey,5,"Lorem ipsum dolor sit amet, consectetur adipiscing elit. Quod autem magnum dolorem brevem, longinquum levem esse dicitis, id non intellego quale sit. Quorum altera prosunt, nocent altera. Ita graviter et severe voluptatem secrevit a bono. Quid ergo attinet dicere:Lorem ipsum dolor sit amet, consectetur adipiscing elit. Quod autem magnum dolorem brevem, longinquum levem esse dicitis, id non intellego quale sit. "
3,A Random Walk Down Wall Street,./bookshelf_images/All_Non_Fiction_Images/A_Random_Walk_Down_Wall_Street.JPG,Burton,Malkiel,4,"Lorem ipsum dolor sit amet, consectetur adipiscing elit. Quod autem magnum dolorem brevem, longinquum levem esse dicitis, id non intellego quale sit. Quorum altera prosunt, nocent altera. Ita graviter et severe voluptatem secrevit a bono. Quid ergo attinet dicere:Lorem ipsum dolor sit amet, consectetur adipiscing elit. Quod autem magnum dolorem brevem, longinquum levem esse dicitis, id non intellego quale sit. "
4,Barack Obama,./bookshelf_images/All_Non_Fiction_Images/Barack_Obama.JPG,Barack,Obama,3,"Lorem ipsum dolor sit amet, consectetur adipiscing elit. Quod autem magnum dolorem brevem, longinquum levem esse dicitis, id non intellego quale sit. Quorum altera prosunt, nocent altera. Ita graviter et severe voluptatem secrevit a bono. Quid ergo attinet dicere:Lorem ipsum dolor sit amet, consectetur adipiscing elit. Quod autem magnum dolorem brevem, longinquum levem esse dicitis, id non intellego quale sit. "
5,Big Debt Crises,./bookshelf_images/All_Non_Fiction_Images/Big_Debt_Crises.JPG,Ray,Dalio,2,"Lorem ipsum dolor sit amet, consectetur adipiscing elit. Quod autem magnum dolorem brevem, longinquum levem esse dicitis, id non intellego quale sit. Quorum altera prosunt, nocent altera. Ita graviter et severe voluptatem secrevit a bono. Quid ergo attinet dicere:Lorem ipsum dolor sit amet, consectetur adipiscing elit. Quod autem magnum dolorem brevem, longinquum levem esse dicitis, id non intellego quale sit. "
6,Brotopia,./bookshelf_images/All_Non_Fiction_Images/Brotopia.JPG,Emily,Chang,4,"Lorem ipsum dolor sit amet, consectetur adipiscing elit. Quod autem magnum dolorem brevem, longinquum levem esse dicitis, id non intellego quale sit. Quorum altera prosunt, nocent altera. Ita graviter et severe voluptatem secrevit a bono. Quid ergo attinet dicere:Lorem ipsum dolor sit amet, consectetur adipiscing elit. Quod autem magnum dolorem brevem, longinquum levem esse dicitis, id non intellego quale sit. "
7,Celtic Myths and Legends,./bookshelf_images/All_Non_Fiction_Images/Celtic_Myths_and_Legends.JPG,T.W.,Rolleston,3,"Lorem ipsum dolor sit amet, consectetur adipiscing elit. Quod autem magnum dolorem brevem, longinquum levem esse dicitis, id non intellego quale sit. Quorum altera prosunt, nocent altera. Ita graviter et severe voluptatem secrevit a bono. Quid ergo attinet dicere:Lorem ipsum dolor sit amet, consectetur adipiscing elit. Quod autem magnum dolorem brevem, longinquum levem esse dicitis, id non intellego quale sit. "
8,Chaos,./bookshelf_images/All_Non_Fiction_Images/Chaos.JPG,James,Gleick,2,"Lorem ipsum dolor sit amet, consectetur adipiscing elit. Quod autem magnum dolorem brevem, longinquum levem esse dicitis, id non intellego quale sit. Quorum altera prosunt, nocent altera. Ita graviter et severe voluptatem secrevit a bono. Quid ergo attinet dicere:Lorem ipsum dolor sit amet, consectetur adipiscing elit. Quod autem magnum dolorem brevem, longinquum levem esse dicitis, id non intellego quale sit. "
9,CIA Lock Picking,./bookshelf_images/All_Non_Fiction_Images/CIA_Lock_Picking.JPG,CIA, ,3,"Lorem ipsum dolor sit amet, consectetur adipiscing elit. Quod autem magnum dolorem brevem, longinquum levem esse dicitis, id non intellego quale sit. Quorum altera prosunt, nocent altera. Ita graviter et severe voluptatem secrevit a bono. Quid ergo attinet dicere:Lorem ipsum dolor sit amet, consectetur adipiscing elit. Quod autem magnum dolorem brevem, longinquum levem esse dicitis, id non intellego quale sit. "
10,Citizen,./bookshelf_images/All_Non_Fiction_Images/Citizen.JPG,Claudia,Rankine,3,"Lorem ipsum dolor sit amet, consectetur adipiscing elit. Quod autem magnum dolorem brevem, longinquum levem esse dicitis, id non intellego quale sit. Quorum altera prosunt, nocent altera. Ita graviter et severe voluptatem secrevit a bono. Quid ergo attinet dicere:Lorem ipsum dolor sit amet, consectetur adipiscing elit. Quod autem magnum dolorem brevem, longinquum levem esse dicitis, id non intellego quale sit. "
11,Code,./bookshelf_images/All_Non_Fiction_Images/Code.JPG,Charles,Petzold,4,"Lorem ipsum dolor sit amet, consectetur adipiscing elit. Quod autem magnum dolorem brevem, longinquum levem esse dicitis, id non intellego quale sit. Quorum altera prosunt, nocent altera. Ita graviter et severe voluptatem secrevit a bono. Quid ergo attinet dicere:Lorem ipsum dolor sit amet, consectetur adipiscing elit. Quod autem magnum dolorem brevem, longinquum levem esse dicitis, id non intellego quale sit. "
12,Collapse,./bookshelf_images/All_Non_Fiction_Images/Collapse.JPG,Jared,Diamond,5,"Lorem ipsum dolor sit amet, consectetur adipiscing elit. Quod autem magnum dolorem brevem, longinquum levem esse dicitis, id non intellego quale sit. Quorum altera prosunt, nocent altera. Ita graviter et severe voluptatem secrevit a bono. Quid ergo attinet dicere:Lorem ipsum dolor sit amet, consectetur adipiscing elit. Quod autem magnum dolorem brevem, longinquum levem esse dicitis, id non intellego quale sit. "
13,Decline and Fall of the Roman Empire,./bookshelf_images/All_Non_Fiction_Images/Decline_and_Fall_of_the_Roman_Empire.JPG,Edward,Gibbon,0,"Lorem ipsum dolor sit amet, consectetur adipiscing elit. Quod autem magnum dolorem brevem, longinquum levem esse dicitis, id non intellego quale sit. Quorum altera prosunt, nocent altera. Ita graviter et severe voluptatem secrevit a bono. Quid ergo attinet dicere:Lorem ipsum dolor sit amet, consectetur adipiscing elit. Quod autem magnum dolorem brevem, longinquum levem esse dicitis, id non intellego quale sit. "
14,Deep Thinking,./bookshelf_images/All_Non_Fiction_Images/Deep_Thinking.JPG,Gary,Kasparov,3,"Lorem ipsum dolor sit amet, consectetur adipiscing elit. Quod autem magnum dolorem brevem, longinquum levem esse dicitis, id non intellego quale sit. Quorum altera prosunt, nocent altera. Ita graviter et severe voluptatem secrevit a bono. Quid ergo attinet dicere:Lorem ipsum dolor sit amet, consectetur adipiscing elit. Quod autem magnum dolorem brevem, longinquum levem esse dicitis, id non intellego quale sit. "
15,Dialogues on Love & Friendship,./bookshelf_images/All_Non_Fiction_Images/Dialogues_on_Love_&_Friendship.JPG,Plato, ,4,"Lorem ipsum dolor sit amet, consectetur adipiscing elit. Quod autem magnum dolorem brevem, longinquum levem esse dicitis, id non intellego quale sit. Quorum altera prosunt, nocent altera. Ita graviter et severe voluptatem secrevit a bono. Quid ergo attinet dicere:Lorem ipsum dolor sit amet, consectetur adipiscing elit. Quod autem magnum dolorem brevem, longinquum levem esse dicitis, id non intellego quale sit. "
16,Easy as Pi,./bookshelf_images/All_Non_Fiction_Images/Easy_as_Pi.JPG,Jamie,Buchan,2,"Lorem ipsum dolor sit amet, consectetur adipiscing elit. Quod autem magnum dolorem brevem, longinquum levem esse dicitis, id non intellego quale sit. Quorum altera prosunt, nocent altera. Ita graviter et severe voluptatem secrevit a bono. Quid ergo attinet dicere:Lorem ipsum dolor sit amet, consectetur adipiscing elit. Quod autem magnum dolorem brevem, longinquum levem esse dicitis, id non intellego quale sit. "
17,Einstein,./bookshelf_images/All_Non_Fiction_Images/Einstein.JPG,Walter,Isaacson,1,"Lorem ipsum dolor sit amet, consectetur adipiscing elit. Quod autem magnum dolorem brevem, longinquum levem esse dicitis, id non intellego quale sit. Quorum altera prosunt, nocent altera. Ita graviter et severe voluptatem secrevit a bono. Quid ergo attinet dicere:Lorem ipsum dolor sit amet, consectetur adipiscing elit. Quod autem magnum dolorem brevem, longinquum levem esse dicitis, id non intellego quale sit. "
18,Elon Musk,./bookshelf_images/All_Non_Fiction_Images/Elon_Musk.JPG,Ashlee,Vance,1,"Lorem ipsum dolor sit amet, consectetur adipiscing elit. Quod autem magnum dolorem brevem, longinquum levem esse dicitis, id non intellego quale sit. Quorum altera prosunt, nocent altera. Ita graviter et severe voluptatem secrevit a bono. Quid ergo attinet dicere:Lorem ipsum dolor sit amet, consectetur adipiscing elit. Quod autem magnum dolorem brevem, longinquum levem esse dicitis, id non intellego quale sit. "
19,Euclid in the Rainforest,./bookshelf_images/All_Non_Fiction_Images/Euclid_in_the_Rainforest.JPG,Joseph,Mazur,2,"Lorem ipsum dolor sit amet, consectetur adipiscing elit. Quod autem magnum dolorem brevem, longinquum levem esse dicitis, id non intellego quale sit. Quorum altera prosunt, nocent altera. Ita graviter et severe voluptatem secrevit a bono. Quid ergo attinet dicere:Lorem ipsum dolor sit amet, consectetur adipiscing elit. Quod autem magnum dolorem brevem, longinquum levem esse dicitis, id non intellego quale sit. "
20,Fermats Enigma,./bookshelf_images/All_Non_Fiction_Images/Fermats_Enigma.JPG,Simon,Singh,3,"Lorem ipsum dolor sit amet, consectetur adipiscing elit. Quod autem magnum dolorem brevem, longinquum levem esse dicitis, id non intellego quale sit. Quorum altera prosunt, nocent altera. Ita graviter et severe voluptatem secrevit a bono. Quid ergo attinet dicere:Lorem ipsum dolor sit amet, consectetur adipiscing elit. Quod autem magnum dolorem brevem, longinquum levem esse dicitis, id non intellego quale sit. "
21,Flash Boys,./bookshelf_images/All_Non_Fiction_Images/Flash_Boys.JPG,Michael,Lewis,1,"Lorem ipsum dolor sit amet, consectetur adipiscing elit. Quod autem magnum dolorem brevem, longinquum levem esse dicitis, id non intellego quale sit. Quorum altera prosunt, nocent altera. Ita graviter et severe voluptatem secrevit a bono. Quid ergo attinet dicere:Lorem ipsum dolor sit amet, consectetur adipiscing elit. Quod autem magnum dolorem brevem, longinquum levem esse dicitis, id non intellego quale sit. "
22,Follow the Smart Money,./bookshelf_images/All_Non_Fiction_Images/Follow_the_Smart_Money.JPG,Jon,Najarian,1,"Lorem ipsum dolor sit amet, consectetur adipiscing elit. Quod autem magnum dolorem brevem, longinquum levem esse dicitis, id non intellego quale sit. Quorum altera prosunt, nocent altera. Ita graviter et severe voluptatem secrevit a bono. Quid ergo attinet dicere:Lorem ipsum dolor sit amet, consectetur adipiscing elit. Quod autem magnum dolorem brevem, longinquum levem esse dicitis, id non intellego quale sit. "
23,Germs Guns & Steel,./bookshelf_images/All_Non_Fiction_Images/Germs_Guns_&_Steel.JPG,Jared,Diamond,2,"Lorem ipsum dolor sit amet, consectetur adipiscing elit. Quod autem magnum dolorem brevem, longinquum levem esse dicitis, id non intellego quale sit. Quorum altera prosunt, nocent altera. Ita graviter et severe voluptatem secrevit a bono. Quid ergo attinet dicere:Lorem ipsum dolor sit amet, consectetur adipiscing elit. Quod autem magnum dolorem brevem, longinquum levem esse dicitis, id non intellego quale sit. "
24,Godel Escher & Bach,./bookshelf_images/All_Non_Fiction_Images/Godel_Escher_&_Bach.JPG,Douglas,Hofstadter,1,"Lorem ipsum dolor sit amet, consectetur adipiscing elit. Quod autem magnum dolorem brevem, longinquum levem esse dicitis, id non intellego quale sit. Quorum altera prosunt, nocent altera. Ita graviter et severe voluptatem secrevit a bono. Quid ergo attinet dicere:Lorem ipsum dolor sit amet, consectetur adipiscing elit. Quod autem magnum dolorem brevem, longinquum levem esse dicitis, id non intellego quale sit. "
25,Harvard Classics,./bookshelf_images/All_Non_Fiction_Images/Harvard_Classics.JPG,Various Authors, ,1,"Lorem ipsum dolor sit amet, consectetur adipiscing elit. Quod autem magnum dolorem brevem, longinquum levem esse dicitis, id non intellego quale sit. Quorum altera prosunt, nocent altera. Ita graviter et severe voluptatem secrevit a bono. Quid ergo attinet dicere:Lorem ipsum dolor sit amet, consectetur adipiscing elit. Quod autem magnum dolorem brevem, longinquum levem esse dicitis, id non intellego quale sit. "
26,How to Win Friends and Influence People,./bookshelf_images/All_Non_Fiction_Images/How_to_Win_Friends_and_Influence_People.JPG,Dale,Carnegie,3,"Lorem ipsum dolor sit amet, consectetur adipiscing elit. Quod autem magnum dolorem brevem, longinquum levem esse dicitis, id non intellego quale sit. Quorum altera prosunt, nocent altera. Ita graviter et severe voluptatem secrevit a bono. Quid ergo attinet dicere:Lorem ipsum dolor sit amet, consectetur adipiscing elit. Quod autem magnum dolorem brevem, longinquum levem esse dicitis, id non intellego quale sit. "
27,Imaginary Numbers,./bookshelf_images/All_Non_Fiction_Images/Imaginary_Numbers.JPG,William,Frucht,2,"Lorem ipsum dolor sit amet, consectetur adipiscing elit. Quod autem magnum dolorem brevem, longinquum levem esse dicitis, id non intellego quale sit. Quorum altera prosunt, nocent altera. Ita graviter et severe voluptatem secrevit a bono. Quid ergo attinet dicere:Lorem ipsum dolor sit amet, consectetur adipiscing elit. Quod autem magnum dolorem brevem, longinquum levem esse dicitis, id non intellego quale sit. "
28,Incerto,./bookshelf_images/All_Non_Fiction_Images/Incerto.JPG,Nassim,Taleb,3,"Lorem ipsum dolor sit amet, consectetur adipiscing elit. Quod autem magnum dolorem brevem, longinquum levem esse dicitis, id non intellego quale sit. Quorum altera prosunt, nocent altera. Ita graviter et severe voluptatem secrevit a bono. Quid ergo attinet dicere:Lorem ipsum dolor sit amet, consectetur adipiscing elit. Quod autem magnum dolorem brevem, longinquum levem esse dicitis, id non intellego quale sit. "
29,Information Theory,./bookshelf_images/All_Non_Fiction_Images/Information_Theory.JPG,James,Gleick,2,"Lorem ipsum dolor sit amet, consectetur adipiscing elit. Quod autem magnum dolorem brevem, longinquum levem esse dicitis, id non intellego quale sit. Quorum altera prosunt, nocent altera. Ita graviter et severe voluptatem secrevit a bono. Quid ergo attinet dicere:Lorem ipsum dolor sit amet, consectetur adipiscing elit. Quod autem magnum dolorem brevem, longinquum levem esse dicitis, id non intellego quale sit. "
30,Kissinger,./bookshelf_images/All_Non_Fiction_Images/Kissinger.JPG,Walter,Isaacson,3,"Lorem ipsum dolor sit amet, consectetur adipiscing elit. Quod autem magnum dolorem brevem, longinquum levem esse dicitis, id non intellego quale sit. Quorum altera prosunt, nocent altera. Ita graviter et severe voluptatem secrevit a bono. Quid ergo attinet dicere:Lorem ipsum dolor sit amet, consectetur adipiscing elit. Quod autem magnum dolorem brevem, longinquum levem esse dicitis, id non intellego quale sit. "
31,Legacy of Ashes,./bookshelf_images/All_Non_Fiction_Images/Legacy_of_Ashes.JPG,Tim,Weiner,5,"Lorem ipsum dolor sit amet, consectetur adipiscing elit. Quod autem magnum dolorem brevem, longinquum levem esse dicitis, id non intellego quale sit. Quorum altera prosunt, nocent altera. Ita graviter et severe voluptatem secrevit a bono. Quid ergo attinet dicere:Lorem ipsum dolor sit amet, consectetur adipiscing elit. Quod autem magnum dolorem brevem, longinquum levem esse dicitis, id non intellego quale sit. "
32,Liars Poker,./bookshelf_images/All_Non_Fiction_Images/Liars_Poker.JPG,Michael,Lewis,2,"Lorem ipsum dolor sit amet, consectetur adipiscing elit. Quod autem magnum dolorem brevem, longinquum levem esse dicitis, id non intellego quale sit. Quorum altera prosunt, nocent altera. Ita graviter et severe voluptatem secrevit a bono. Quid ergo attinet dicere:Lorem ipsum dolor sit amet, consectetur adipiscing elit. Quod autem magnum dolorem brevem, longinquum levem esse dicitis, id non intellego quale sit. "
33,Livy a History of Early Rome,./bookshelf_images/All_Non_Fiction_Images/Livy_a_History_of_Early_Rome.JPG,Livy, ,5,"Lorem ipsum dolor sit amet, consectetur adipiscing elit. Quod autem magnum dolorem brevem, longinquum levem esse dicitis, id non intellego quale sit. Quorum altera prosunt, nocent altera. Ita graviter et severe voluptatem secrevit a bono. Quid ergo attinet dicere:Lorem ipsum dolor sit amet, consectetur adipiscing elit. Quod autem magnum dolorem brevem, longinquum levem esse dicitis, id non intellego quale sit. "
34,Myths and Legends of Ancient Egypt,./bookshelf_images/All_Non_Fiction_Images/Myths_and_Legends_of_Ancient_Egypt.JPG,Lewis,Spence,4,"Lorem ipsum dolor sit amet, consectetur adipiscing elit. Quod autem magnum dolorem brevem, longinquum levem esse dicitis, id non intellego quale sit. Quorum altera prosunt, nocent altera. Ita graviter et severe voluptatem secrevit a bono. Quid ergo attinet dicere:Lorem ipsum dolor sit amet, consectetur adipiscing elit. Quod autem magnum dolorem brevem, longinquum levem esse dicitis, id non intellego quale sit. "
35,Myths and Legends of Babylonia and Assyria,./bookshelf_images/All_Non_Fiction_Images/Myths_and_Legends_of_Babylonia_and_Assyria.JPG,Lewis,Spence,3,"Lorem ipsum dolor sit amet, consectetur adipiscing elit. Quod autem magnum dolorem brevem, longinquum levem esse dicitis, id non intellego quale sit. Quorum altera prosunt, nocent altera. Ita graviter et severe voluptatem secrevit a bono. Quid ergo attinet dicere:Lorem ipsum dolor sit amet, consectetur adipiscing elit. Quod autem magnum dolorem brevem, longinquum levem esse dicitis, id non intellego quale sit. "
36,Myths and Legends of China,./bookshelf_images/All_Non_Fiction_Images/Myths_and_Legends_of_China.JPG,Edward,Werner,2,"Lorem ipsum dolor sit amet, consectetur adipiscing elit. Quod autem magnum dolorem brevem, longinquum levem esse dicitis, id non intellego quale sit. Quorum altera prosunt, nocent altera. Ita graviter et severe voluptatem secrevit a bono. Quid ergo attinet dicere:Lorem ipsum dolor sit amet, consectetur adipiscing elit. Quod autem magnum dolorem brevem, longinquum levem esse dicitis, id non intellego quale sit. "
37,Myths and Legends of Japan,./bookshelf_images/All_Non_Fiction_Images/Myths_and_Legends_of_Japan.JPG,Hadland,Davis,4,"Lorem ipsum dolor sit amet, consectetur adipiscing elit. Quod autem magnum dolorem brevem, longinquum levem esse dicitis, id non intellego quale sit. Quorum altera prosunt, nocent altera. Ita graviter et severe voluptatem secrevit a bono. Quid ergo attinet dicere:Lorem ipsum dolor sit amet, consectetur adipiscing elit. Quod autem magnum dolorem brevem, longinquum levem esse dicitis, id non intellego quale sit. "
38,Myths of the North American Indians,./bookshelf_images/All_Non_Fiction_Images/Myths_of_the North_American_Indians.JPG,Lewis,Spence,3,"Lorem ipsum dolor sit amet, consectetur adipiscing elit. Quod autem magnum dolorem brevem, longinquum levem esse dicitis, id non intellego quale sit. Quorum altera prosunt, nocent altera. Ita graviter et severe voluptatem secrevit a bono. Quid ergo attinet dicere:Lorem ipsum dolor sit amet, consectetur adipiscing elit. Quod autem magnum dolorem brevem, longinquum levem esse dicitis, id non intellego quale sit. "
39,Myths of the Hindus and Buddhists,./bookshelf_images/All_Non_Fiction_Images/Myths_of_the_Hindus_and_Buddhists.JPG,Sister,Nivendita,2,"Lorem ipsum dolor sit amet, consectetur adipiscing elit. Quod autem magnum dolorem brevem, longinquum levem esse dicitis, id non intellego quale sit. Quorum altera prosunt, nocent altera. Ita graviter et severe voluptatem secrevit a bono. Quid ergo attinet dicere:Lorem ipsum dolor sit amet, consectetur adipiscing elit. Quod autem magnum dolorem brevem, longinquum levem esse dicitis, id non intellego quale sit. "
40,Myths of the Norsemen,./bookshelf_images/All_Non_Fiction_Images/Myths_of_the_Norsemen.JPG,H.A.,Guerber,3,"Lorem ipsum dolor sit amet, consectetur adipiscing elit. Quod autem magnum dolorem brevem, longinquum levem esse dicitis, id non intellego quale sit. Quorum altera prosunt, nocent altera. Ita graviter et severe voluptatem secrevit a bono. Quid ergo attinet dicere:Lorem ipsum dolor sit amet, consectetur adipiscing elit. Quod autem magnum dolorem brevem, longinquum levem esse dicitis, id non intellego quale sit. "
41,No Place to Hide,./bookshelf_images/All_Non_Fiction_Images/No_Place_to_Hide.JPG,Glen,Greenwald,3,"Lorem ipsum dolor sit amet, consectetur adipiscing elit. Quod autem magnum dolorem brevem, longinquum levem esse dicitis, id non intellego quale sit. Quorum altera prosunt, nocent altera. Ita graviter et severe voluptatem secrevit a bono. Quid ergo attinet dicere:Lorem ipsum dolor sit amet, consectetur adipiscing elit. Quod autem magnum dolorem brevem, longinquum levem esse dicitis, id non intellego quale sit. "
42,Permanent Record,./bookshelf_images/All_Non_Fiction_Images/Permanent_Record.JPG,Edward,Snowden,4,"Lorem ipsum dolor sit amet, consectetur adipiscing elit. Quod autem magnum dolorem brevem, longinquum levem esse dicitis, id non intellego quale sit. Quorum altera prosunt, nocent altera. Ita graviter et severe voluptatem secrevit a bono. Quid ergo attinet dicere:Lorem ipsum dolor sit amet, consectetur adipiscing elit. Quod autem magnum dolorem brevem, longinquum levem esse dicitis, id non intellego quale sit. "
43,Politics & Poetics,./bookshelf_images/All_Non_Fiction_Images/Politics_&_Poetics.JPG,Aristotle, ,5,"Lorem ipsum dolor sit amet, consectetur adipiscing elit. Quod autem magnum dolorem brevem, longinquum levem esse dicitis, id non intellego quale sit. Quorum altera prosunt, nocent altera. Ita graviter et severe voluptatem secrevit a bono. Quid ergo attinet dicere:Lorem ipsum dolor sit amet, consectetur adipiscing elit. Quod autem magnum dolorem brevem, longinquum levem esse dicitis, id non intellego quale sit. "
44,Principles,./bookshelf_images/All_Non_Fiction_Images/Principles.JPG,Ray,Dalio,0,"Lorem ipsum dolor sit amet, consectetur adipiscing elit. Quod autem magnum dolorem brevem, longinquum levem esse dicitis, id non intellego quale sit. Quorum altera prosunt, nocent altera. Ita graviter et severe voluptatem secrevit a bono. Quid ergo attinet dicere:Lorem ipsum dolor sit amet, consectetur adipiscing elit. Quod autem magnum dolorem brevem, longinquum levem esse dicitis, id non intellego quale sit. "
45,Sacred Texts,./bookshelf_images/All_Non_Fiction_Images/Sacred_Texts.JPG,Various Authors, ,3,"Lorem ipsum dolor sit amet, consectetur adipiscing elit. Quod autem magnum dolorem brevem, longinquum levem esse dicitis, id non intellego quale sit. Quorum altera prosunt, nocent altera. Ita graviter et severe voluptatem secrevit a bono. Quid ergo attinet dicere:Lorem ipsum dolor sit amet, consectetur adipiscing elit. Quod autem magnum dolorem brevem, longinquum levem esse dicitis, id non intellego quale sit. "
46,Sapiens,./bookshelf_images/All_Non_Fiction_Images/Sapiens.JPG,Yuval,Harari,4,"Lorem ipsum dolor sit amet, consectetur adipiscing elit. Quod autem magnum dolorem brevem, longinquum levem esse dicitis, id non intellego quale sit. Quorum altera prosunt, nocent altera. Ita graviter et severe voluptatem secrevit a bono. Quid ergo attinet dicere:Lorem ipsum dolor sit amet, consectetur adipiscing elit. Quod autem magnum dolorem brevem, longinquum levem esse dicitis, id non intellego quale sit. "
47,Shortest Way Home,./bookshelf_images/All_Non_Fiction_Images/Shortest_Way_Home.JPG,Pete,Buttigieg,2,"Lorem ipsum dolor sit amet, consectetur adipiscing elit. Quod autem magnum dolorem brevem, longinquum levem esse dicitis, id non intellego quale sit. Quorum altera prosunt, nocent altera. Ita graviter et severe voluptatem secrevit a bono. Quid ergo attinet dicere:Lorem ipsum dolor sit amet, consectetur adipiscing elit. Quod autem magnum dolorem brevem, longinquum levem esse dicitis, id non intellego quale sit. "
48,Spy Catcher,./bookshelf_images/All_Non_Fiction_Images/Spy_Catcher.JPG,Peter,Wright,1,"Lorem ipsum dolor sit amet, consectetur adipiscing elit. Quod autem magnum dolorem brevem, longinquum levem esse dicitis, id non intellego quale sit. Quorum altera prosunt, nocent altera. Ita graviter et severe voluptatem secrevit a bono. Quid ergo attinet dicere:Lorem ipsum dolor sit amet, consectetur adipiscing elit. Quod autem magnum dolorem brevem, longinquum levem esse dicitis, id non intellego quale sit. "
49,Statistical Consequences of Fat Tails,./bookshelf_images/All_Non_Fiction_Images/Statistical_Consequences_of_Fat_Tails.JPG,Nassim,Taleb,1,"Lorem ipsum dolor sit amet, consectetur adipiscing elit. Quod autem magnum dolorem brevem, longinquum levem esse dicitis, id non intellego quale sit. Quorum altera prosunt, nocent altera. Ita graviter et severe voluptatem secrevit a bono. Quid ergo attinet dicere:Lorem ipsum dolor sit amet, consectetur adipiscing elit. Quod autem magnum dolorem brevem, longinquum levem esse dicitis, id non intellego quale sit. "
50,Steve Jobs,./bookshelf_images/All_Non_Fiction_Images/Steve_Jobs.JPG,Walter,Isaacson,2,"Lorem ipsum dolor sit amet, consectetur adipiscing elit. Quod autem magnum dolorem brevem, longinquum levem esse dicitis, id non intellego quale sit. Quorum altera prosunt, nocent altera. Ita graviter et severe voluptatem secrevit a bono. Quid ergo attinet dicere:Lorem ipsum dolor sit amet, consectetur adipiscing elit. Quod autem magnum dolorem brevem, longinquum levem esse dicitis, id non intellego quale sit. "
51,Technical Analysis Explained,./bookshelf_images/All_Non_Fiction_Images/Technical_Analysis_Explained.JPG,Martin,Pring,3,"Lorem ipsum dolor sit amet, consectetur adipiscing elit. Quod autem magnum dolorem brevem, longinquum levem esse dicitis, id non intellego quale sit. Quorum altera prosunt, nocent altera. Ita graviter et severe voluptatem secrevit a bono. Quid ergo attinet dicere:Lorem ipsum dolor sit amet, consectetur adipiscing elit. Quod autem magnum dolorem brevem, longinquum levem esse dicitis, id non intellego quale sit. "
52,Test Scores,./bookshelf_images/All_Non_Fiction_Images/Test_Scores.JPG,Howard,Lyman,1,"Lorem ipsum dolor sit amet, consectetur adipiscing elit. Quod autem magnum dolorem brevem, longinquum levem esse dicitis, id non intellego quale sit. Quorum altera prosunt, nocent altera. Ita graviter et severe voluptatem secrevit a bono. Quid ergo attinet dicere:Lorem ipsum dolor sit amet, consectetur adipiscing elit. Quod autem magnum dolorem brevem, longinquum levem esse dicitis, id non intellego quale sit. "
53,The (Mis) Behavior of Markets,./bookshelf_images/All_Non_Fiction_Images/The_(Mis)_Behavior_of_Markets.JPG,Benoit,Mandelbrodt,1,"Lorem ipsum dolor sit amet, consectetur adipiscing elit. Quod autem magnum dolorem brevem, longinquum levem esse dicitis, id non intellego quale sit. Quorum altera prosunt, nocent altera. Ita graviter et severe voluptatem secrevit a bono. Quid ergo attinet dicere:Lorem ipsum dolor sit amet, consectetur adipiscing elit. Quod autem magnum dolorem brevem, longinquum levem esse dicitis, id non intellego quale sit. "
54,The Art of War,./bookshelf_images/All_Non_Fiction_Images/The_Art_of_War.JPG,Sun,Tzu,2,"Lorem ipsum dolor sit amet, consectetur adipiscing elit. Quod autem magnum dolorem brevem, longinquum levem esse dicitis, id non intellego quale sit. Quorum altera prosunt, nocent altera. Ita graviter et severe voluptatem secrevit a bono. Quid ergo attinet dicere:Lorem ipsum dolor sit amet, consectetur adipiscing elit. Quod autem magnum dolorem brevem, longinquum levem esse dicitis, id non intellego quale sit. "
55,The Code Book,./bookshelf_images/All_Non_Fiction_Images/The_Code_Book.JPG,Simon,Singh,1,"Lorem ipsum dolor sit amet, consectetur adipiscing elit. Quod autem magnum dolorem brevem, longinquum levem esse dicitis, id non intellego quale sit. Quorum altera prosunt, nocent altera. Ita graviter et severe voluptatem secrevit a bono. Quid ergo attinet dicere:Lorem ipsum dolor sit amet, consectetur adipiscing elit. Quod autem magnum dolorem brevem, longinquum levem esse dicitis, id non intellego quale sit. "
56,The Confessions of Jean Jacques Rousseau,./bookshelf_images/All_Non_Fiction_Images/The_Confessions_of_Jean_Jacques_Rousseau.JPG,Jean Jacques,Rousseau,1,"Lorem ipsum dolor sit amet, consectetur adipiscing elit. Quod autem magnum dolorem brevem, longinquum levem esse dicitis, id non intellego quale sit. Quorum altera prosunt, nocent altera. Ita graviter et severe voluptatem secrevit a bono. Quid ergo attinet dicere:Lorem ipsum dolor sit amet, consectetur adipiscing elit. Quod autem magnum dolorem brevem, longinquum levem esse dicitis, id non intellego quale sit. "
57,The Confessions of St. Augustine,./bookshelf_images/All_Non_Fiction_Images/The_Confessions_of_St._Augustine.JPG,Augustine of,Hippo,3,"Lorem ipsum dolor sit amet, consectetur adipiscing elit. Quod autem magnum dolorem brevem, longinquum levem esse dicitis, id non intellego quale sit. Quorum altera prosunt, nocent altera. Ita graviter et severe voluptatem secrevit a bono. Quid ergo attinet dicere:Lorem ipsum dolor sit amet, consectetur adipiscing elit. Quod autem magnum dolorem brevem, longinquum levem esse dicitis, id non intellego quale sit. "
58,The Courage to Act,./bookshelf_images/All_Non_Fiction_Images/The_Courage_to_Act.JPG,Ben,Bernanke,2,"Lorem ipsum dolor sit amet, consectetur adipiscing elit. Quod autem magnum dolorem brevem, longinquum levem esse dicitis, id non intellego quale sit. Quorum altera prosunt, nocent altera. Ita graviter et severe voluptatem secrevit a bono. Quid ergo attinet dicere:Lorem ipsum dolor sit amet, consectetur adipiscing elit. Quod autem magnum dolorem brevem, longinquum levem esse dicitis, id non intellego quale sit. "
59,The Decline and Fall of the Roman Empire,./bookshelf_images/All_Non_Fiction_Images/The_Decline_and_Fall_of_the_Roman_Empire.JPG,Edward,Gibbon,3,"Lorem ipsum dolor sit amet, consectetur adipiscing elit. Quod autem magnum dolorem brevem, longinquum levem esse dicitis, id non intellego quale sit. Quorum altera prosunt, nocent altera. Ita graviter et severe voluptatem secrevit a bono. Quid ergo attinet dicere:Lorem ipsum dolor sit amet, consectetur adipiscing elit. Quod autem magnum dolorem brevem, longinquum levem esse dicitis, id non intellego quale sit. "
60,The Effayes,./bookshelf_images/All_Non_Fiction_Images/The_Effayes.JPG,Sir Francis,Bacon,2,"Lorem ipsum dolor sit amet, consectetur adipiscing elit. Quod autem magnum dolorem brevem, longinquum levem esse dicitis, id non intellego quale sit. Quorum altera prosunt, nocent altera. Ita graviter et severe voluptatem secrevit a bono. Quid ergo attinet dicere:Lorem ipsum dolor sit amet, consectetur adipiscing elit. Quod autem magnum dolorem brevem, longinquum levem esse dicitis, id non intellego quale sit. "
61,The Federalist,./bookshelf_images/All_Non_Fiction_Images/The_Federalist.JPG,James,Madison,3,"Lorem ipsum dolor sit amet, consectetur adipiscing elit. Quod autem magnum dolorem brevem, longinquum levem esse dicitis, id non intellego quale sit. Quorum altera prosunt, nocent altera. Ita graviter et severe voluptatem secrevit a bono. Quid ergo attinet dicere:Lorem ipsum dolor sit amet, consectetur adipiscing elit. Quod autem magnum dolorem brevem, longinquum levem esse dicitis, id non intellego quale sit. "
62,The Greatest Trade Ever,./bookshelf_images/All_Non_Fiction_Images/The_Greatest_Trade_Ever.JPG,Gregory,Zuckerman,5,"Lorem ipsum dolor sit amet, consectetur adipiscing elit. Quod autem magnum dolorem brevem, longinquum levem esse dicitis, id non intellego quale sit. Quorum altera prosunt, nocent altera. Ita graviter et severe voluptatem secrevit a bono. Quid ergo attinet dicere:Lorem ipsum dolor sit amet, consectetur adipiscing elit. Quod autem magnum dolorem brevem, longinquum levem esse dicitis, id non intellego quale sit. "
63,The Greek Myths Volume 1,./bookshelf_images/All_Non_Fiction_Images/The_Greek_Myths_Volume_1.JPG,Robert,Graves,2,"Lorem ipsum dolor sit amet, consectetur adipiscing elit. Quod autem magnum dolorem brevem, longinquum levem esse dicitis, id non intellego quale sit. Quorum altera prosunt, nocent altera. Ita graviter et severe voluptatem secrevit a bono. Quid ergo attinet dicere:Lorem ipsum dolor sit amet, consectetur adipiscing elit. Quod autem magnum dolorem brevem, longinquum levem esse dicitis, id non intellego quale sit. "
64,The Greek Myths Volume 2,./bookshelf_images/All_Non_Fiction_Images/The_Greek_Myths_Volume_2.JPG,Robert,Graves,5,"Lorem ipsum dolor sit amet, consectetur adipiscing elit. Quod autem magnum dolorem brevem, longinquum levem esse dicitis, id non intellego quale sit. Quorum altera prosunt, nocent altera. Ita graviter et severe voluptatem secrevit a bono. Quid ergo attinet dicere:Lorem ipsum dolor sit amet, consectetur adipiscing elit. Quod autem magnum dolorem brevem, longinquum levem esse dicitis, id non intellego quale sit. "
65,The Intelligent Investor,./bookshelf_images/All_Non_Fiction_Images/The_Intelligent_Investor.JPG,Benjamin,Graham,4,"Lorem ipsum dolor sit amet, consectetur adipiscing elit. Quod autem magnum dolorem brevem, longinquum levem esse dicitis, id non intellego quale sit. Quorum altera prosunt, nocent altera. Ita graviter et severe voluptatem secrevit a bono. Quid ergo attinet dicere:Lorem ipsum dolor sit amet, consectetur adipiscing elit. Quod autem magnum dolorem brevem, longinquum levem esse dicitis, id non intellego quale sit. "
66,The Man Who Solved the Market,./bookshelf_images/All_Non_Fiction_Images/The_Man_Who_Solved_the_Market.JPG,Gregory,Zuckerman,3,"Lorem ipsum dolor sit amet, consectetur adipiscing elit. Quod autem magnum dolorem brevem, longinquum levem esse dicitis, id non intellego quale sit. Quorum altera prosunt, nocent altera. Ita graviter et severe voluptatem secrevit a bono. Quid ergo attinet dicere:Lorem ipsum dolor sit amet, consectetur adipiscing elit. Quod autem magnum dolorem brevem, longinquum levem esse dicitis, id non intellego quale sit. "
67,The Millennium Problems,./bookshelf_images/All_Non_Fiction_Images/The_Millennium_Problems.JPG,Keith,Devlin,2,"Lorem ipsum dolor sit amet, consectetur adipiscing elit. Quod autem magnum dolorem brevem, longinquum levem esse dicitis, id non intellego quale sit. Quorum altera prosunt, nocent altera. Ita graviter et severe voluptatem secrevit a bono. Quid ergo attinet dicere:Lorem ipsum dolor sit amet, consectetur adipiscing elit. Quod autem magnum dolorem brevem, longinquum levem esse dicitis, id non intellego quale sit. "
68,The Prince,./bookshelf_images/All_Non_Fiction_Images/The_Prince.JPG,Niccolo,Machiavelli,4,"Lorem ipsum dolor sit amet, consectetur adipiscing elit. Quod autem magnum dolorem brevem, longinquum levem esse dicitis, id non intellego quale sit. Quorum altera prosunt, nocent altera. Ita graviter et severe voluptatem secrevit a bono. Quid ergo attinet dicere:Lorem ipsum dolor sit amet, consectetur adipiscing elit. Quod autem magnum dolorem brevem, longinquum levem esse dicitis, id non intellego quale sit. "
69,The Republic,./bookshelf_images/All_Non_Fiction_Images/The_Republic.JPG,Plato, ,3,"Lorem ipsum dolor sit amet, consectetur adipiscing elit. Quod autem magnum dolorem brevem, longinquum levem esse dicitis, id non intellego quale sit. Quorum altera prosunt, nocent altera. Ita graviter et severe voluptatem secrevit a bono. Quid ergo attinet dicere:Lorem ipsum dolor sit amet, consectetur adipiscing elit. Quod autem magnum dolorem brevem, longinquum levem esse dicitis, id non intellego quale sit. "
70,The Rise and Fall of Great Powers,./bookshelf_images/All_Non_Fiction_Images/The_Rise_and_Fall_of_Great_Powers.JPG,Paul,Kennedy,2,"Lorem ipsum dolor sit amet, consectetur adipiscing elit. Quod autem magnum dolorem brevem, longinquum levem esse dicitis, id non intellego quale sit. Quorum altera prosunt, nocent altera. Ita graviter et severe voluptatem secrevit a bono. Quid ergo attinet dicere:Lorem ipsum dolor sit amet, consectetur adipiscing elit. Quod autem magnum dolorem brevem, longinquum levem esse dicitis, id non intellego quale sit. "
71,The Room Where it Happened,./bookshelf_images/All_Non_Fiction_Images/The_Room_Where_it_Happened.JPG,John,Bolton,3,"Lorem ipsum dolor sit amet, consectetur adipiscing elit. Quod autem magnum dolorem brevem, longinquum levem esse dicitis, id non intellego quale sit. Quorum altera prosunt, nocent altera. Ita graviter et severe voluptatem secrevit a bono. Quid ergo attinet dicere:Lorem ipsum dolor sit amet, consectetur adipiscing elit. Quod autem magnum dolorem brevem, longinquum levem esse dicitis, id non intellego quale sit. "
72,The Science of Secrecy,./bookshelf_images/All_Non_Fiction_Images/The_Science_of_Secrecy.JPG,Simon,Singh,3,"Lorem ipsum dolor sit amet, consectetur adipiscing elit. Quod autem magnum dolorem brevem, longinquum levem esse dicitis, id non intellego quale sit. Quorum altera prosunt, nocent altera. Ita graviter et severe voluptatem secrevit a bono. Quid ergo attinet dicere:Lorem ipsum dolor sit amet, consectetur adipiscing elit. Quod autem magnum dolorem brevem, longinquum levem esse dicitis, id non intellego quale sit. "
73,The Sword and-Shield,./bookshelf_images/All_Non_Fiction_Images/The_Sword_and-Shield.JPG,Peniel,Joseph,4,"Lorem ipsum dolor sit amet, consectetur adipiscing elit. Quod autem magnum dolorem brevem, longinquum levem esse dicitis, id non intellego quale sit. Quorum altera prosunt, nocent altera. Ita graviter et severe voluptatem secrevit a bono. Quid ergo attinet dicere:Lorem ipsum dolor sit amet, consectetur adipiscing elit. Quod autem magnum dolorem brevem, longinquum levem esse dicitis, id non intellego quale sit. "
74,The Tangled Web,./bookshelf_images/All_Non_Fiction_Images/The_Tangled_Web.JPG,Michael,Zalewski,5,"Lorem ipsum dolor sit amet, consectetur adipiscing elit. Quod autem magnum dolorem brevem, longinquum levem esse dicitis, id non intellego quale sit. Quorum altera prosunt, nocent altera. Ita graviter et severe voluptatem secrevit a bono. Quid ergo attinet dicere:Lorem ipsum dolor sit amet, consectetur adipiscing elit. Quod autem magnum dolorem brevem, longinquum levem esse dicitis, id non intellego quale sit. "
75,The Undoing Project,./bookshelf_images/All_Non_Fiction_Images/The_Undoing_Project.JPG,Michael,Lewis,0,"Lorem ipsum dolor sit amet, consectetur adipiscing elit. Quod autem magnum dolorem brevem, longinquum levem esse dicitis, id non intellego quale sit. Quorum altera prosunt, nocent altera. Ita graviter et severe voluptatem secrevit a bono. Quid ergo attinet dicere:Lorem ipsum dolor sit amet, consectetur adipiscing elit. Quod autem magnum dolorem brevem, longinquum levem esse dicitis, id non intellego quale sit. "
76,Upheaval,./bookshelf_images/All_Non_Fiction_Images/Upheaval.JPG,Jared,Diamond,3,"Lorem ipsum dolor sit amet, consectetur adipiscing elit. Quod autem magnum dolorem brevem, longinquum levem esse dicitis, id non intellego quale sit. Quorum altera prosunt, nocent altera. Ita graviter et severe voluptatem secrevit a bono. Quid ergo attinet dicere:Lorem ipsum dolor sit amet, consectetur adipiscing elit. Quod autem magnum dolorem brevem, longinquum levem esse dicitis, id non intellego quale sit. "
77,War on Peace,./bookshelf_images/All_Non_Fiction_Images/War_on_Peace.JPG,Ronan,Farrow,4,"Lorem ipsum dolor sit amet, consectetur adipiscing elit. Quod autem magnum dolorem brevem, longinquum levem esse dicitis, id non intellego quale sit. Quorum altera prosunt, nocent altera. Ita graviter et severe voluptatem secrevit a bono. Quid ergo attinet dicere:Lorem ipsum dolor sit amet, consectetur adipiscing elit. Quod autem magnum dolorem brevem, longinquum levem esse dicitis, id non intellego quale sit. "
78,Wealth of Nations,./bookshelf_images/All_Non_Fiction_Images/Wealth_of_Nations.JPG,Adam,Smith,2,"Lorem ipsum dolor sit amet, consectetur adipiscing elit. Quod autem magnum dolorem brevem, longinquum levem esse dicitis, id non intellego quale sit. Quorum altera prosunt, nocent altera. Ita graviter et severe voluptatem secrevit a bono. Quid ergo attinet dicere:Lorem ipsum dolor sit amet, consectetur adipiscing elit. Quod autem magnum dolorem brevem, longinquum levem esse dicitis, id non intellego quale sit. "
79,When Genius Failed,./bookshelf_images/All_Non_Fiction_Images/When_Genius_Failed.JPG,Roger,Lowenstein,1,"Lorem ipsum dolor sit amet, consectetur adipiscing elit. Quod autem magnum dolorem brevem, longinquum levem esse dicitis, id non intellego quale sit. Quorum altera prosunt, nocent altera. Ita graviter et severe voluptatem secrevit a bono. Quid ergo attinet dicere:Lorem ipsum dolor sit amet, consectetur adipiscing elit. Quod autem magnum dolorem brevem, longinquum levem esse dicitis, id non intellego quale sit. "
80,Zero to One,./bookshelf_images/All_Non_Fiction_Images/Zero_to_One.JPG,Peter,Thiel,1,"Lorem ipsum dolor sit amet, consectetur adipiscing elit. Quod autem magnum dolorem brevem, longinquum levem esse dicitis, id non intellego quale sit. Quorum altera prosunt, nocent altera. Ita graviter et severe voluptatem secrevit a bono. Quid ergo attinet dicere:Lorem ipsum dolor sit amet, consectetur adipiscing elit. Quod autem magnum dolorem brevem, longinquum levem esse dicitis, id non intellego quale sit. "
