Book_ID,Title,Author_First,Author_Last,Image_Path,Review_Score,Description
0,Advances in Financial Machine Learning,Lopez ,del Prado,./images/Bookshelf_Images/All_Textbook_Images/Advances_in_Financial_Machine_Learning.JPG,5,"Lorem ipsum dolor sit amet, consectetur adipiscing elit. Quod autem magnum dolorem brevem, longinquum levem esse dicitis, id non intellego quale sit. Quorum altera prosunt, nocent altera. Ita graviter et severe voluptatem secrevit a bono. Quid ergo attinet dicere:Lorem ipsum dolor sit amet, consectetur adipiscing elit. Quod autem magnum dolorem brevem, longinquum levem esse dicitis, id non intellego quale sit. "
1,Algorithims,Thomas,Cormen,./images/Bookshelf_Images/All_Textbook_Images/Algorithims.JPG,2,"Lorem ipsum dolor sit amet, consectetur adipiscing elit. Quod autem magnum dolorem brevem, longinquum levem esse dicitis, id non intellego quale sit. Quorum altera prosunt, nocent altera. Ita graviter et severe voluptatem secrevit a bono. Quid ergo attinet dicere:Lorem ipsum dolor sit amet, consectetur adipiscing elit. Quod autem magnum dolorem brevem, longinquum levem esse dicitis, id non intellego quale sit. "
2,Analysis of Numerical Methods,Eugene,Isaacson,./images/Bookshelf_Images/All_Textbook_Images/Analysis_of_Numerical_Methods.JPG,5,"Lorem ipsum dolor sit amet, consectetur adipiscing elit. Quod autem magnum dolorem brevem, longinquum levem esse dicitis, id non intellego quale sit. Quorum altera prosunt, nocent altera. Ita graviter et severe voluptatem secrevit a bono. Quid ergo attinet dicere:Lorem ipsum dolor sit amet, consectetur adipiscing elit. Quod autem magnum dolorem brevem, longinquum levem esse dicitis, id non intellego quale sit. "
3,An Introduction to Quantitative Finance,Stephen,Blyth,./images/Bookshelf_Images/All_Textbook_Images/An_Introduction_to_Quantitative_Finance.JPG,4,"Lorem ipsum dolor sit amet, consectetur adipiscing elit. Quod autem magnum dolorem brevem, longinquum levem esse dicitis, id non intellego quale sit. Quorum altera prosunt, nocent altera. Ita graviter et severe voluptatem secrevit a bono. Quid ergo attinet dicere:Lorem ipsum dolor sit amet, consectetur adipiscing elit. Quod autem magnum dolorem brevem, longinquum levem esse dicitis, id non intellego quale sit. "
4,An Introduction to Statistical Learning,Trevor,Hastie,./images/Bookshelf_Images/All_Textbook_Images/An_Introduction_to_Statistical_Learning.JPG,3,"Lorem ipsum dolor sit amet, consectetur adipiscing elit. Quod autem magnum dolorem brevem, longinquum levem esse dicitis, id non intellego quale sit. Quorum altera prosunt, nocent altera. Ita graviter et severe voluptatem secrevit a bono. Quid ergo attinet dicere:Lorem ipsum dolor sit amet, consectetur adipiscing elit. Quod autem magnum dolorem brevem, longinquum levem esse dicitis, id non intellego quale sit. "
5,Applied Calculus & Regression Analysis,Terry,Dielman,./images/Bookshelf_Images/All_Textbook_Images/Applied_Calculus_&_Regression_Analysis.JPG,2,"Lorem ipsum dolor sit amet, consectetur adipiscing elit. Quod autem magnum dolorem brevem, longinquum levem esse dicitis, id non intellego quale sit. Quorum altera prosunt, nocent altera. Ita graviter et severe voluptatem secrevit a bono. Quid ergo attinet dicere:Lorem ipsum dolor sit amet, consectetur adipiscing elit. Quod autem magnum dolorem brevem, longinquum levem esse dicitis, id non intellego quale sit. "
6,Applied Statistics & Probability for Engineers,Douglas,Montgomery,./images/Bookshelf_Images/All_Textbook_Images/Applied_Statistics_&_Probability_for_Engineers.JPG,4,"Lorem ipsum dolor sit amet, consectetur adipiscing elit. Quod autem magnum dolorem brevem, longinquum levem esse dicitis, id non intellego quale sit. Quorum altera prosunt, nocent altera. Ita graviter et severe voluptatem secrevit a bono. Quid ergo attinet dicere:Lorem ipsum dolor sit amet, consectetur adipiscing elit. Quod autem magnum dolorem brevem, longinquum levem esse dicitis, id non intellego quale sit. "
7,Arduino Workshop,John,Boxall,./images/Bookshelf_Images/All_Textbook_Images/Arduino_Workshop.JPG,3,"Lorem ipsum dolor sit amet, consectetur adipiscing elit. Quod autem magnum dolorem brevem, longinquum levem esse dicitis, id non intellego quale sit. Quorum altera prosunt, nocent altera. Ita graviter et severe voluptatem secrevit a bono. Quid ergo attinet dicere:Lorem ipsum dolor sit amet, consectetur adipiscing elit. Quod autem magnum dolorem brevem, longinquum levem esse dicitis, id non intellego quale sit. "
8,Artifical Intelligence a Modern Approach,Peter,Norvig,./images/Bookshelf_Images/All_Textbook_Images/Artifical_Intelligence_a_Modern_Approach.JPG,2,"Lorem ipsum dolor sit amet, consectetur adipiscing elit. Quod autem magnum dolorem brevem, longinquum levem esse dicitis, id non intellego quale sit. Quorum altera prosunt, nocent altera. Ita graviter et severe voluptatem secrevit a bono. Quid ergo attinet dicere:Lorem ipsum dolor sit amet, consectetur adipiscing elit. Quod autem magnum dolorem brevem, longinquum levem esse dicitis, id non intellego quale sit. "
9,A Classical Introduction to Modern Number Theory,Kenneth,Ireland,./images/Bookshelf_Images/All_Textbook_Images/A_Classical_Introduction_to_Modern_Number_Theory.JPG,3,"Lorem ipsum dolor sit amet, consectetur adipiscing elit. Quod autem magnum dolorem brevem, longinquum levem esse dicitis, id non intellego quale sit. Quorum altera prosunt, nocent altera. Ita graviter et severe voluptatem secrevit a bono. Quid ergo attinet dicere:Lorem ipsum dolor sit amet, consectetur adipiscing elit. Quod autem magnum dolorem brevem, longinquum levem esse dicitis, id non intellego quale sit. "
10,A New Kind of Science,Stephen,Wolfram,./images/Bookshelf_Images/All_Textbook_Images/A_New_Kind_of_Science.JPG,3,"Lorem ipsum dolor sit amet, consectetur adipiscing elit. Quod autem magnum dolorem brevem, longinquum levem esse dicitis, id non intellego quale sit. Quorum altera prosunt, nocent altera. Ita graviter et severe voluptatem secrevit a bono. Quid ergo attinet dicere:Lorem ipsum dolor sit amet, consectetur adipiscing elit. Quod autem magnum dolorem brevem, longinquum levem esse dicitis, id non intellego quale sit. "
11,A Practical Guide to Splines,Carl,de Boor,./images/Bookshelf_Images/All_Textbook_Images/A_Practical_Guide_to_Splines.JPG,4,"Lorem ipsum dolor sit amet, consectetur adipiscing elit. Quod autem magnum dolorem brevem, longinquum levem esse dicitis, id non intellego quale sit. Quorum altera prosunt, nocent altera. Ita graviter et severe voluptatem secrevit a bono. Quid ergo attinet dicere:Lorem ipsum dolor sit amet, consectetur adipiscing elit. Quod autem magnum dolorem brevem, longinquum levem esse dicitis, id non intellego quale sit. "
12,A Primer for the Mathematics of Financial Engineering,Dan,Stefanica,./images/Bookshelf_Images/All_Textbook_Images/A_Primer_for_the_Mathematics_of_Financial_Engineering.JPG,5,"Lorem ipsum dolor sit amet, consectetur adipiscing elit. Quod autem magnum dolorem brevem, longinquum levem esse dicitis, id non intellego quale sit. Quorum altera prosunt, nocent altera. Ita graviter et severe voluptatem secrevit a bono. Quid ergo attinet dicere:Lorem ipsum dolor sit amet, consectetur adipiscing elit. Quod autem magnum dolorem brevem, longinquum levem esse dicitis, id non intellego quale sit. "
13,A Project to Find the Fundamental Theory of Physics,Stephen,Wolfram,./images/Bookshelf_Images/All_Textbook_Images/A_Project_to_Find_the_Fundamental_Theory_of_Physics.JPG,0,"Lorem ipsum dolor sit amet, consectetur adipiscing elit. Quod autem magnum dolorem brevem, longinquum levem esse dicitis, id non intellego quale sit. Quorum altera prosunt, nocent altera. Ita graviter et severe voluptatem secrevit a bono. Quid ergo attinet dicere:Lorem ipsum dolor sit amet, consectetur adipiscing elit. Quod autem magnum dolorem brevem, longinquum levem esse dicitis, id non intellego quale sit. "
14,Bulletproof SSL & TLS,Ivan,Ristic,./images/Bookshelf_Images/All_Textbook_Images/Bulletproof_SSL_&_TLS.JPG,3,"Lorem ipsum dolor sit amet, consectetur adipiscing elit. Quod autem magnum dolorem brevem, longinquum levem esse dicitis, id non intellego quale sit. Quorum altera prosunt, nocent altera. Ita graviter et severe voluptatem secrevit a bono. Quid ergo attinet dicere:Lorem ipsum dolor sit amet, consectetur adipiscing elit. Quod autem magnum dolorem brevem, longinquum levem esse dicitis, id non intellego quale sit. "
15,Chess Fundamentals,Roy,Casablanca,./images/Bookshelf_Images/All_Textbook_Images/Chess_Fundamentals.JPG,4,"Lorem ipsum dolor sit amet, consectetur adipiscing elit. Quod autem magnum dolorem brevem, longinquum levem esse dicitis, id non intellego quale sit. Quorum altera prosunt, nocent altera. Ita graviter et severe voluptatem secrevit a bono. Quid ergo attinet dicere:Lorem ipsum dolor sit amet, consectetur adipiscing elit. Quod autem magnum dolorem brevem, longinquum levem esse dicitis, id non intellego quale sit. "
16,Classical Dynamics of Particles and Systems,Stepen,Thornton,./images/Bookshelf_Images/All_Textbook_Images/Classical_Dynamics_of_Particles_and_Systems.JPG,2,"Lorem ipsum dolor sit amet, consectetur adipiscing elit. Quod autem magnum dolorem brevem, longinquum levem esse dicitis, id non intellego quale sit. Quorum altera prosunt, nocent altera. Ita graviter et severe voluptatem secrevit a bono. Quid ergo attinet dicere:Lorem ipsum dolor sit amet, consectetur adipiscing elit. Quod autem magnum dolorem brevem, longinquum levem esse dicitis, id non intellego quale sit. "
17,Combinatorics,Stephen,Wolfram,./images/Bookshelf_Images/All_Textbook_Images/Combinatorics.JPG,1,"Lorem ipsum dolor sit amet, consectetur adipiscing elit. Quod autem magnum dolorem brevem, longinquum levem esse dicitis, id non intellego quale sit. Quorum altera prosunt, nocent altera. Ita graviter et severe voluptatem secrevit a bono. Quid ergo attinet dicere:Lorem ipsum dolor sit amet, consectetur adipiscing elit. Quod autem magnum dolorem brevem, longinquum levem esse dicitis, id non intellego quale sit. "
18,Compilers,Alfred,Aho,./images/Bookshelf_Images/All_Textbook_Images/Compilers.JPG,1,"Lorem ipsum dolor sit amet, consectetur adipiscing elit. Quod autem magnum dolorem brevem, longinquum levem esse dicitis, id non intellego quale sit. Quorum altera prosunt, nocent altera. Ita graviter et severe voluptatem secrevit a bono. Quid ergo attinet dicere:Lorem ipsum dolor sit amet, consectetur adipiscing elit. Quod autem magnum dolorem brevem, longinquum levem esse dicitis, id non intellego quale sit. "
19,Computer Networks,Andrew,Tanenbaum,./images/Bookshelf_Images/All_Textbook_Images/Computer_Networks.JPG,2,"Lorem ipsum dolor sit amet, consectetur adipiscing elit. Quod autem magnum dolorem brevem, longinquum levem esse dicitis, id non intellego quale sit. Quorum altera prosunt, nocent altera. Ita graviter et severe voluptatem secrevit a bono. Quid ergo attinet dicere:Lorem ipsum dolor sit amet, consectetur adipiscing elit. Quod autem magnum dolorem brevem, longinquum levem esse dicitis, id non intellego quale sit. "
20,Convex Optimization,Lieven,Vandenberghe,./images/Bookshelf_Images/All_Textbook_Images/Convex_Optimization.JPG,3,"Lorem ipsum dolor sit amet, consectetur adipiscing elit. Quod autem magnum dolorem brevem, longinquum levem esse dicitis, id non intellego quale sit. Quorum altera prosunt, nocent altera. Ita graviter et severe voluptatem secrevit a bono. Quid ergo attinet dicere:Lorem ipsum dolor sit amet, consectetur adipiscing elit. Quod autem magnum dolorem brevem, longinquum levem esse dicitis, id non intellego quale sit. "
21,Database Systems,Ramex,Elmasri,./images/Bookshelf_Images/All_Textbook_Images/Database_Systems.JPG,1,"Lorem ipsum dolor sit amet, consectetur adipiscing elit. Quod autem magnum dolorem brevem, longinquum levem esse dicitis, id non intellego quale sit. Quorum altera prosunt, nocent altera. Ita graviter et severe voluptatem secrevit a bono. Quid ergo attinet dicere:Lorem ipsum dolor sit amet, consectetur adipiscing elit. Quod autem magnum dolorem brevem, longinquum levem esse dicitis, id non intellego quale sit. "
22,Deep Learning,Ian,Goodman,./images/Bookshelf_Images/All_Textbook_Images/Deep_Learning.JPG,1,"Lorem ipsum dolor sit amet, consectetur adipiscing elit. Quod autem magnum dolorem brevem, longinquum levem esse dicitis, id non intellego quale sit. Quorum altera prosunt, nocent altera. Ita graviter et severe voluptatem secrevit a bono. Quid ergo attinet dicere:Lorem ipsum dolor sit amet, consectetur adipiscing elit. Quod autem magnum dolorem brevem, longinquum levem esse dicitis, id non intellego quale sit. "
23,Deep Learning with Python,Francois,Chollet,./images/Bookshelf_Images/All_Textbook_Images/Deep_Learning_with_Python.JPG,2,"Lorem ipsum dolor sit amet, consectetur adipiscing elit. Quod autem magnum dolorem brevem, longinquum levem esse dicitis, id non intellego quale sit. Quorum altera prosunt, nocent altera. Ita graviter et severe voluptatem secrevit a bono. Quid ergo attinet dicere:Lorem ipsum dolor sit amet, consectetur adipiscing elit. Quod autem magnum dolorem brevem, longinquum levem esse dicitis, id non intellego quale sit. "
24,Deep Reinforcement Learning,Miguel,Morales,./images/Bookshelf_Images/All_Textbook_Images/Deep_Reinforcement_Learning.JPG,1,"Lorem ipsum dolor sit amet, consectetur adipiscing elit. Quod autem magnum dolorem brevem, longinquum levem esse dicitis, id non intellego quale sit. Quorum altera prosunt, nocent altera. Ita graviter et severe voluptatem secrevit a bono. Quid ergo attinet dicere:Lorem ipsum dolor sit amet, consectetur adipiscing elit. Quod autem magnum dolorem brevem, longinquum levem esse dicitis, id non intellego quale sit. "
25,Deep Reinforcement Learning Hands On,Maxim,Lapan,./images/Bookshelf_Images/All_Textbook_Images/Deep_Reinforcement_Learning_Hands_On.JPG,1,"Lorem ipsum dolor sit amet, consectetur adipiscing elit. Quod autem magnum dolorem brevem, longinquum levem esse dicitis, id non intellego quale sit. Quorum altera prosunt, nocent altera. Ita graviter et severe voluptatem secrevit a bono. Quid ergo attinet dicere:Lorem ipsum dolor sit amet, consectetur adipiscing elit. Quod autem magnum dolorem brevem, longinquum levem esse dicitis, id non intellego quale sit. "
26,Design Patterns,Richard,Helm,./images/Bookshelf_Images/All_Textbook_Images/Design_Patterns.JPG,3,"Lorem ipsum dolor sit amet, consectetur adipiscing elit. Quod autem magnum dolorem brevem, longinquum levem esse dicitis, id non intellego quale sit. Quorum altera prosunt, nocent altera. Ita graviter et severe voluptatem secrevit a bono. Quid ergo attinet dicere:Lorem ipsum dolor sit amet, consectetur adipiscing elit. Quod autem magnum dolorem brevem, longinquum levem esse dicitis, id non intellego quale sit. "
27,Discrete Mathematics,John,Dossey,./images/Bookshelf_Images/All_Textbook_Images/Discrete_Mathematics.JPG,2,"Lorem ipsum dolor sit amet, consectetur adipiscing elit. Quod autem magnum dolorem brevem, longinquum levem esse dicitis, id non intellego quale sit. Quorum altera prosunt, nocent altera. Ita graviter et severe voluptatem secrevit a bono. Quid ergo attinet dicere:Lorem ipsum dolor sit amet, consectetur adipiscing elit. Quod autem magnum dolorem brevem, longinquum levem esse dicitis, id non intellego quale sit. "
28,Docker Deep Dive,Nigel,Poulton,./images/Bookshelf_Images/All_Textbook_Images/Docker_Deep_Dive.JPG,3,"Lorem ipsum dolor sit amet, consectetur adipiscing elit. Quod autem magnum dolorem brevem, longinquum levem esse dicitis, id non intellego quale sit. Quorum altera prosunt, nocent altera. Ita graviter et severe voluptatem secrevit a bono. Quid ergo attinet dicere:Lorem ipsum dolor sit amet, consectetur adipiscing elit. Quod autem magnum dolorem brevem, longinquum levem esse dicitis, id non intellego quale sit. "
29,Dynamic Programming & Optimal Control Volume 2,Dimitri,Bertsekas,./images/Bookshelf_Images/All_Textbook_Images/Dynamic_Programming_&_Optimal_Control_Volume_2.JPG,2,"Lorem ipsum dolor sit amet, consectetur adipiscing elit. Quod autem magnum dolorem brevem, longinquum levem esse dicitis, id non intellego quale sit. Quorum altera prosunt, nocent altera. Ita graviter et severe voluptatem secrevit a bono. Quid ergo attinet dicere:Lorem ipsum dolor sit amet, consectetur adipiscing elit. Quod autem magnum dolorem brevem, longinquum levem esse dicitis, id non intellego quale sit. "
30,Elementary Differential Equations & Boundary Value Problems,William,Boyce,./images/Bookshelf_Images/All_Textbook_Images/Elementary_Differential_Equations_&_Boundary_Value_Problems.JPG,3,"Lorem ipsum dolor sit amet, consectetur adipiscing elit. Quod autem magnum dolorem brevem, longinquum levem esse dicitis, id non intellego quale sit. Quorum altera prosunt, nocent altera. Ita graviter et severe voluptatem secrevit a bono. Quid ergo attinet dicere:Lorem ipsum dolor sit amet, consectetur adipiscing elit. Quod autem magnum dolorem brevem, longinquum levem esse dicitis, id non intellego quale sit. "
31,Elements of Information Theory,Joy,Thomas,./images/Bookshelf_Images/All_Textbook_Images/Elements_of_Information_Theory.JPG,5,"Lorem ipsum dolor sit amet, consectetur adipiscing elit. Quod autem magnum dolorem brevem, longinquum levem esse dicitis, id non intellego quale sit. Quorum altera prosunt, nocent altera. Ita graviter et severe voluptatem secrevit a bono. Quid ergo attinet dicere:Lorem ipsum dolor sit amet, consectetur adipiscing elit. Quod autem magnum dolorem brevem, longinquum levem esse dicitis, id non intellego quale sit. "
32,Elements of Statistical Learning,Trevor,Hastie,./images/Bookshelf_Images/All_Textbook_Images/Elements_of_Statistical_Learning.JPG,2,"Lorem ipsum dolor sit amet, consectetur adipiscing elit. Quod autem magnum dolorem brevem, longinquum levem esse dicitis, id non intellego quale sit. Quorum altera prosunt, nocent altera. Ita graviter et severe voluptatem secrevit a bono. Quid ergo attinet dicere:Lorem ipsum dolor sit amet, consectetur adipiscing elit. Quod autem magnum dolorem brevem, longinquum levem esse dicitis, id non intellego quale sit. "
33,Essentials of Investments,Zvi,Bodie,./images/Bookshelf_Images/All_Textbook_Images/Essentials_of_Investments.JPG,5,"Lorem ipsum dolor sit amet, consectetur adipiscing elit. Quod autem magnum dolorem brevem, longinquum levem esse dicitis, id non intellego quale sit. Quorum altera prosunt, nocent altera. Ita graviter et severe voluptatem secrevit a bono. Quid ergo attinet dicere:Lorem ipsum dolor sit amet, consectetur adipiscing elit. Quod autem magnum dolorem brevem, longinquum levem esse dicitis, id non intellego quale sit. "
34,Fifty Challenging Problems in Probability,Frederick,Mosteller,./images/Bookshelf_Images/All_Textbook_Images/Fifty_Challenging_Problems_in_Probability.JPG,4,"Lorem ipsum dolor sit amet, consectetur adipiscing elit. Quod autem magnum dolorem brevem, longinquum levem esse dicitis, id non intellego quale sit. Quorum altera prosunt, nocent altera. Ita graviter et severe voluptatem secrevit a bono. Quid ergo attinet dicere:Lorem ipsum dolor sit amet, consectetur adipiscing elit. Quod autem magnum dolorem brevem, longinquum levem esse dicitis, id non intellego quale sit. "
35,Financial Instutions Markets & Money,Frederick,Mishkin,./images/Bookshelf_Images/All_Textbook_Images/Financial_Instutions_Markets_&_Money.JPG,3,"Lorem ipsum dolor sit amet, consectetur adipiscing elit. Quod autem magnum dolorem brevem, longinquum levem esse dicitis, id non intellego quale sit. Quorum altera prosunt, nocent altera. Ita graviter et severe voluptatem secrevit a bono. Quid ergo attinet dicere:Lorem ipsum dolor sit amet, consectetur adipiscing elit. Quod autem magnum dolorem brevem, longinquum levem esse dicitis, id non intellego quale sit. "
36,Financial Signal Processing & Machine Learning,Ali,Akansu,./images/Bookshelf_Images/All_Textbook_Images/Financial_Signal_Processing_& Machine_Learning.JPG,2,"Lorem ipsum dolor sit amet, consectetur adipiscing elit. Quod autem magnum dolorem brevem, longinquum levem esse dicitis, id non intellego quale sit. Quorum altera prosunt, nocent altera. Ita graviter et severe voluptatem secrevit a bono. Quid ergo attinet dicere:Lorem ipsum dolor sit amet, consectetur adipiscing elit. Quod autem magnum dolorem brevem, longinquum levem esse dicitis, id non intellego quale sit. "
37,Fixed Income Securities,Bruce,Tuckman,./images/Bookshelf_Images/All_Textbook_Images/Fixed_Income_Securities.JPG,4,"Lorem ipsum dolor sit amet, consectetur adipiscing elit. Quod autem magnum dolorem brevem, longinquum levem esse dicitis, id non intellego quale sit. Quorum altera prosunt, nocent altera. Ita graviter et severe voluptatem secrevit a bono. Quid ergo attinet dicere:Lorem ipsum dolor sit amet, consectetur adipiscing elit. Quod autem magnum dolorem brevem, longinquum levem esse dicitis, id non intellego quale sit. "
38,Foundations of Machine Learning,Afshin,Rostamizadeh,./images/Bookshelf_Images/All_Textbook_Images/Foundations_of_Machine_Learning.JPG,3,"Lorem ipsum dolor sit amet, consectetur adipiscing elit. Quod autem magnum dolorem brevem, longinquum levem esse dicitis, id non intellego quale sit. Quorum altera prosunt, nocent altera. Ita graviter et severe voluptatem secrevit a bono. Quid ergo attinet dicere:Lorem ipsum dolor sit amet, consectetur adipiscing elit. Quod autem magnum dolorem brevem, longinquum levem esse dicitis, id non intellego quale sit. "
39,Fractals in Nature,Benoit,Mandelbrodt,./images/Bookshelf_Images/All_Textbook_Images/Fractals_in_Nature.JPG,2,"Lorem ipsum dolor sit amet, consectetur adipiscing elit. Quod autem magnum dolorem brevem, longinquum levem esse dicitis, id non intellego quale sit. Quorum altera prosunt, nocent altera. Ita graviter et severe voluptatem secrevit a bono. Quid ergo attinet dicere:Lorem ipsum dolor sit amet, consectetur adipiscing elit. Quod autem magnum dolorem brevem, longinquum levem esse dicitis, id non intellego quale sit. "
40,Futures Market,Jack,Schwager,./images/Bookshelf_Images/All_Textbook_Images/Futures_Market.JPG,3,"Lorem ipsum dolor sit amet, consectetur adipiscing elit. Quod autem magnum dolorem brevem, longinquum levem esse dicitis, id non intellego quale sit. Quorum altera prosunt, nocent altera. Ita graviter et severe voluptatem secrevit a bono. Quid ergo attinet dicere:Lorem ipsum dolor sit amet, consectetur adipiscing elit. Quod autem magnum dolorem brevem, longinquum levem esse dicitis, id non intellego quale sit. "
41,Game Theory 101,William,Spaniel,./images/Bookshelf_Images/All_Textbook_Images/Game_Theory_101.JPG,3,"Lorem ipsum dolor sit amet, consectetur adipiscing elit. Quod autem magnum dolorem brevem, longinquum levem esse dicitis, id non intellego quale sit. Quorum altera prosunt, nocent altera. Ita graviter et severe voluptatem secrevit a bono. Quid ergo attinet dicere:Lorem ipsum dolor sit amet, consectetur adipiscing elit. Quod autem magnum dolorem brevem, longinquum levem esse dicitis, id non intellego quale sit. "
42,Generative Deep Learning,David,Foster,./images/Bookshelf_Images/All_Textbook_Images/Generative_Deep_Learning.JPG,4,"Lorem ipsum dolor sit amet, consectetur adipiscing elit. Quod autem magnum dolorem brevem, longinquum levem esse dicitis, id non intellego quale sit. Quorum altera prosunt, nocent altera. Ita graviter et severe voluptatem secrevit a bono. Quid ergo attinet dicere:Lorem ipsum dolor sit amet, consectetur adipiscing elit. Quod autem magnum dolorem brevem, longinquum levem esse dicitis, id non intellego quale sit. "
43,Geometry an Introduction,Gunter,Ewald,./images/Bookshelf_Images/All_Textbook_Images/Geometry_an_Introduction.JPG,5,"Lorem ipsum dolor sit amet, consectetur adipiscing elit. Quod autem magnum dolorem brevem, longinquum levem esse dicitis, id non intellego quale sit. Quorum altera prosunt, nocent altera. Ita graviter et severe voluptatem secrevit a bono. Quid ergo attinet dicere:Lorem ipsum dolor sit amet, consectetur adipiscing elit. Quod autem magnum dolorem brevem, longinquum levem esse dicitis, id non intellego quale sit. "
44,Golasa Russian I,Richard,Robin,./images/Bookshelf_Images/All_Textbook_Images/Golasa_Russian_I.JPG,0,"Lorem ipsum dolor sit amet, consectetur adipiscing elit. Quod autem magnum dolorem brevem, longinquum levem esse dicitis, id non intellego quale sit. Quorum altera prosunt, nocent altera. Ita graviter et severe voluptatem secrevit a bono. Quid ergo attinet dicere:Lorem ipsum dolor sit amet, consectetur adipiscing elit. Quod autem magnum dolorem brevem, longinquum levem esse dicitis, id non intellego quale sit. "
45,Google Hacking,John,Long,./images/Bookshelf_Images/All_Textbook_Images/Google_Hacking.JPG,3,"Lorem ipsum dolor sit amet, consectetur adipiscing elit. Quod autem magnum dolorem brevem, longinquum levem esse dicitis, id non intellego quale sit. Quorum altera prosunt, nocent altera. Ita graviter et severe voluptatem secrevit a bono. Quid ergo attinet dicere:Lorem ipsum dolor sit amet, consectetur adipiscing elit. Quod autem magnum dolorem brevem, longinquum levem esse dicitis, id non intellego quale sit. "
46,Guide to Numpy,Travis,Oliphant,./images/Bookshelf_Images/All_Textbook_Images/Guide_to_Numpy.JPG,4,"Lorem ipsum dolor sit amet, consectetur adipiscing elit. Quod autem magnum dolorem brevem, longinquum levem esse dicitis, id non intellego quale sit. Quorum altera prosunt, nocent altera. Ita graviter et severe voluptatem secrevit a bono. Quid ergo attinet dicere:Lorem ipsum dolor sit amet, consectetur adipiscing elit. Quod autem magnum dolorem brevem, longinquum levem esse dicitis, id non intellego quale sit. "
47,Hacking the Art of Exploitation,Jon,Erickson,./images/Bookshelf_Images/All_Textbook_Images/Hacking_the_Art_of_Exploitation.JPG,2,"Lorem ipsum dolor sit amet, consectetur adipiscing elit. Quod autem magnum dolorem brevem, longinquum levem esse dicitis, id non intellego quale sit. Quorum altera prosunt, nocent altera. Ita graviter et severe voluptatem secrevit a bono. Quid ergo attinet dicere:Lorem ipsum dolor sit amet, consectetur adipiscing elit. Quod autem magnum dolorem brevem, longinquum levem esse dicitis, id non intellego quale sit. "
48,Hands on Machine Learning with Scikit Learn & Tensorflow,Aurelien,Geron,./images/Bookshelf_Images/All_Textbook_Images/Hands_on_Machine_Learning_with_Scikit_Learn_&_Tensorflow.JPG,1,"Lorem ipsum dolor sit amet, consectetur adipiscing elit. Quod autem magnum dolorem brevem, longinquum levem esse dicitis, id non intellego quale sit. Quorum altera prosunt, nocent altera. Ita graviter et severe voluptatem secrevit a bono. Quid ergo attinet dicere:Lorem ipsum dolor sit amet, consectetur adipiscing elit. Quod autem magnum dolorem brevem, longinquum levem esse dicitis, id non intellego quale sit. "
49,Hedge Fund Secrects,Tucker,Balch,./images/Bookshelf_Images/All_Textbook_Images/Hedge_Fund_Secrects.JPG,1,"Lorem ipsum dolor sit amet, consectetur adipiscing elit. Quod autem magnum dolorem brevem, longinquum levem esse dicitis, id non intellego quale sit. Quorum altera prosunt, nocent altera. Ita graviter et severe voluptatem secrevit a bono. Quid ergo attinet dicere:Lorem ipsum dolor sit amet, consectetur adipiscing elit. Quod autem magnum dolorem brevem, longinquum levem esse dicitis, id non intellego quale sit. "
50,High Performance Python,Ivan,Ozsvald,./images/Bookshelf_Images/All_Textbook_Images/High_Performance_Python.JPG,2,"Lorem ipsum dolor sit amet, consectetur adipiscing elit. Quod autem magnum dolorem brevem, longinquum levem esse dicitis, id non intellego quale sit. Quorum altera prosunt, nocent altera. Ita graviter et severe voluptatem secrevit a bono. Quid ergo attinet dicere:Lorem ipsum dolor sit amet, consectetur adipiscing elit. Quod autem magnum dolorem brevem, longinquum levem esse dicitis, id non intellego quale sit. "
51,HTML & CSS,Jon,Ducket,./images/Bookshelf_Images/All_Textbook_Images/HTML_&_CSS.JPG,3,"Lorem ipsum dolor sit amet, consectetur adipiscing elit. Quod autem magnum dolorem brevem, longinquum levem esse dicitis, id non intellego quale sit. Quorum altera prosunt, nocent altera. Ita graviter et severe voluptatem secrevit a bono. Quid ergo attinet dicere:Lorem ipsum dolor sit amet, consectetur adipiscing elit. Quod autem magnum dolorem brevem, longinquum levem esse dicitis, id non intellego quale sit. "
52,Interactive Data Visualization for the Web,Scott,Murray,./images/Bookshelf_Images/All_Textbook_Images/Interactive_Data_Visualization_for_the_Web.JPG,1,"Lorem ipsum dolor sit amet, consectetur adipiscing elit. Quod autem magnum dolorem brevem, longinquum levem esse dicitis, id non intellego quale sit. Quorum altera prosunt, nocent altera. Ita graviter et severe voluptatem secrevit a bono. Quid ergo attinet dicere:Lorem ipsum dolor sit amet, consectetur adipiscing elit. Quod autem magnum dolorem brevem, longinquum levem esse dicitis, id non intellego quale sit. "
53,International Financial Management,Eun,Resnick,./images/Bookshelf_Images/All_Textbook_Images/International_Financial_Management.JPG,1,"Lorem ipsum dolor sit amet, consectetur adipiscing elit. Quod autem magnum dolorem brevem, longinquum levem esse dicitis, id non intellego quale sit. Quorum altera prosunt, nocent altera. Ita graviter et severe voluptatem secrevit a bono. Quid ergo attinet dicere:Lorem ipsum dolor sit amet, consectetur adipiscing elit. Quod autem magnum dolorem brevem, longinquum levem esse dicitis, id non intellego quale sit. "
54,Introduction to Applied Linear Algebra,Stephen,Boyd,./images/Bookshelf_Images/All_Textbook_Images/Introduction_to_Applied_Linear_Algebra.JPG,2,"Lorem ipsum dolor sit amet, consectetur adipiscing elit. Quod autem magnum dolorem brevem, longinquum levem esse dicitis, id non intellego quale sit. Quorum altera prosunt, nocent altera. Ita graviter et severe voluptatem secrevit a bono. Quid ergo attinet dicere:Lorem ipsum dolor sit amet, consectetur adipiscing elit. Quod autem magnum dolorem brevem, longinquum levem esse dicitis, id non intellego quale sit. "
55,Introduction to Classical Mechanics,David,Morin,./images/Bookshelf_Images/All_Textbook_Images/Introduction_to_Classical_Mechanics.JPG,1,"Lorem ipsum dolor sit amet, consectetur adipiscing elit. Quod autem magnum dolorem brevem, longinquum levem esse dicitis, id non intellego quale sit. Quorum altera prosunt, nocent altera. Ita graviter et severe voluptatem secrevit a bono. Quid ergo attinet dicere:Lorem ipsum dolor sit amet, consectetur adipiscing elit. Quod autem magnum dolorem brevem, longinquum levem esse dicitis, id non intellego quale sit. "
56,Introduction to Electrodynamics,David ,Griffiths,./images/Bookshelf_Images/All_Textbook_Images/Introduction_to_Electrodynamics.JPG,1,"Lorem ipsum dolor sit amet, consectetur adipiscing elit. Quod autem magnum dolorem brevem, longinquum levem esse dicitis, id non intellego quale sit. Quorum altera prosunt, nocent altera. Ita graviter et severe voluptatem secrevit a bono. Quid ergo attinet dicere:Lorem ipsum dolor sit amet, consectetur adipiscing elit. Quod autem magnum dolorem brevem, longinquum levem esse dicitis, id non intellego quale sit. "
57,Introduction to Linear Algebra,Gilbert,Strang,./images/Bookshelf_Images/All_Textbook_Images/Introduction_to_Linear_Algebra.JPG,3,"Lorem ipsum dolor sit amet, consectetur adipiscing elit. Quod autem magnum dolorem brevem, longinquum levem esse dicitis, id non intellego quale sit. Quorum altera prosunt, nocent altera. Ita graviter et severe voluptatem secrevit a bono. Quid ergo attinet dicere:Lorem ipsum dolor sit amet, consectetur adipiscing elit. Quod autem magnum dolorem brevem, longinquum levem esse dicitis, id non intellego quale sit. "
58,Javascript & jQuery,Jon,Ducket,./images/Bookshelf_Images/All_Textbook_Images/Javascript_&_jQuery.JPG,2,"Lorem ipsum dolor sit amet, consectetur adipiscing elit. Quod autem magnum dolorem brevem, longinquum levem esse dicitis, id non intellego quale sit. Quorum altera prosunt, nocent altera. Ita graviter et severe voluptatem secrevit a bono. Quid ergo attinet dicere:Lorem ipsum dolor sit amet, consectetur adipiscing elit. Quod autem magnum dolorem brevem, longinquum levem esse dicitis, id non intellego quale sit. "
59,Learning from Data,Yaser,Abu-Mostafa,./images/Bookshelf_Images/All_Textbook_Images/Learning_from_Data.JPG,3,"Lorem ipsum dolor sit amet, consectetur adipiscing elit. Quod autem magnum dolorem brevem, longinquum levem esse dicitis, id non intellego quale sit. Quorum altera prosunt, nocent altera. Ita graviter et severe voluptatem secrevit a bono. Quid ergo attinet dicere:Lorem ipsum dolor sit amet, consectetur adipiscing elit. Quod autem magnum dolorem brevem, longinquum levem esse dicitis, id non intellego quale sit. "
60,Learning React,Alex,Banks,./images/Bookshelf_Images/All_Textbook_Images/Learning_React.JPG,2,"Lorem ipsum dolor sit amet, consectetur adipiscing elit. Quod autem magnum dolorem brevem, longinquum levem esse dicitis, id non intellego quale sit. Quorum altera prosunt, nocent altera. Ita graviter et severe voluptatem secrevit a bono. Quid ergo attinet dicere:Lorem ipsum dolor sit amet, consectetur adipiscing elit. Quod autem magnum dolorem brevem, longinquum levem esse dicitis, id non intellego quale sit. "
61,Learning SQL,Alan,Beaulieu,./images/Bookshelf_Images/All_Textbook_Images/Learning_SQL.JPG,3,"Lorem ipsum dolor sit amet, consectetur adipiscing elit. Quod autem magnum dolorem brevem, longinquum levem esse dicitis, id non intellego quale sit. Quorum altera prosunt, nocent altera. Ita graviter et severe voluptatem secrevit a bono. Quid ergo attinet dicere:Lorem ipsum dolor sit amet, consectetur adipiscing elit. Quod autem magnum dolorem brevem, longinquum levem esse dicitis, id non intellego quale sit. "
62,Learning with Kernels,Bernhard,Scholkopf,./images/Bookshelf_Images/All_Textbook_Images/Learning_with_Kernels.JPG,5,"Lorem ipsum dolor sit amet, consectetur adipiscing elit. Quod autem magnum dolorem brevem, longinquum levem esse dicitis, id non intellego quale sit. Quorum altera prosunt, nocent altera. Ita graviter et severe voluptatem secrevit a bono. Quid ergo attinet dicere:Lorem ipsum dolor sit amet, consectetur adipiscing elit. Quod autem magnum dolorem brevem, longinquum levem esse dicitis, id non intellego quale sit. "
63,Linear Algebra,David,Lay,./images/Bookshelf_Images/All_Textbook_Images/Linear_Algebra.JPG,2,"Lorem ipsum dolor sit amet, consectetur adipiscing elit. Quod autem magnum dolorem brevem, longinquum levem esse dicitis, id non intellego quale sit. Quorum altera prosunt, nocent altera. Ita graviter et severe voluptatem secrevit a bono. Quid ergo attinet dicere:Lorem ipsum dolor sit amet, consectetur adipiscing elit. Quod autem magnum dolorem brevem, longinquum levem esse dicitis, id non intellego quale sit. "
64,Linear Algebra Done Right,Sheldon,Axler,./images/Bookshelf_Images/All_Textbook_Images/Linear_Algebra_Done_Right.JPG,5,"Lorem ipsum dolor sit amet, consectetur adipiscing elit. Quod autem magnum dolorem brevem, longinquum levem esse dicitis, id non intellego quale sit. Quorum altera prosunt, nocent altera. Ita graviter et severe voluptatem secrevit a bono. Quid ergo attinet dicere:Lorem ipsum dolor sit amet, consectetur adipiscing elit. Quod autem magnum dolorem brevem, longinquum levem esse dicitis, id non intellego quale sit. "
65,Machine Learning a Probablistic Perspective,Kevin,Murphy,./images/Bookshelf_Images/All_Textbook_Images/Machine_Learning_a_Probablistic_Perspective.JPG,4,"Lorem ipsum dolor sit amet, consectetur adipiscing elit. Quod autem magnum dolorem brevem, longinquum levem esse dicitis, id non intellego quale sit. Quorum altera prosunt, nocent altera. Ita graviter et severe voluptatem secrevit a bono. Quid ergo attinet dicere:Lorem ipsum dolor sit amet, consectetur adipiscing elit. Quod autem magnum dolorem brevem, longinquum levem esse dicitis, id non intellego quale sit. "
66,Machine Learning in Computational Finance,Victor,Boyarshinov,./images/Bookshelf_Images/All_Textbook_Images/Machine_Learning_in_Computational_Finance.JPG,3,"Lorem ipsum dolor sit amet, consectetur adipiscing elit. Quod autem magnum dolorem brevem, longinquum levem esse dicitis, id non intellego quale sit. Quorum altera prosunt, nocent altera. Ita graviter et severe voluptatem secrevit a bono. Quid ergo attinet dicere:Lorem ipsum dolor sit amet, consectetur adipiscing elit. Quod autem magnum dolorem brevem, longinquum levem esse dicitis, id non intellego quale sit. "
67,Mastering Blockchain,Imran,Bashir,./images/Bookshelf_Images/All_Textbook_Images/Mastering_Blockchain.JPG,2,"Lorem ipsum dolor sit amet, consectetur adipiscing elit. Quod autem magnum dolorem brevem, longinquum levem esse dicitis, id non intellego quale sit. Quorum altera prosunt, nocent altera. Ita graviter et severe voluptatem secrevit a bono. Quid ergo attinet dicere:Lorem ipsum dolor sit amet, consectetur adipiscing elit. Quod autem magnum dolorem brevem, longinquum levem esse dicitis, id non intellego quale sit. "
68,Mastering Machine Learning with R,Brett,Lantz,./images/Bookshelf_Images/All_Textbook_Images/Mastering_Machine_Learning_with_R.JPG,4,"Lorem ipsum dolor sit amet, consectetur adipiscing elit. Quod autem magnum dolorem brevem, longinquum levem esse dicitis, id non intellego quale sit. Quorum altera prosunt, nocent altera. Ita graviter et severe voluptatem secrevit a bono. Quid ergo attinet dicere:Lorem ipsum dolor sit amet, consectetur adipiscing elit. Quod autem magnum dolorem brevem, longinquum levem esse dicitis, id non intellego quale sit. "
69,Mastering Machine Learning with Scikit learn,Gavin,Hackeling,./images/Bookshelf_Images/All_Textbook_Images/Mastering_Machine_Learning_with_Scikit_learn.JPG,3,"Lorem ipsum dolor sit amet, consectetur adipiscing elit. Quod autem magnum dolorem brevem, longinquum levem esse dicitis, id non intellego quale sit. Quorum altera prosunt, nocent altera. Ita graviter et severe voluptatem secrevit a bono. Quid ergo attinet dicere:Lorem ipsum dolor sit amet, consectetur adipiscing elit. Quod autem magnum dolorem brevem, longinquum levem esse dicitis, id non intellego quale sit. "
70,Mastering Pandas for Finance,Michael,Heydt,./images/Bookshelf_Images/All_Textbook_Images/Mastering_Pandas_for_Finance.JPG,2,"Lorem ipsum dolor sit amet, consectetur adipiscing elit. Quod autem magnum dolorem brevem, longinquum levem esse dicitis, id non intellego quale sit. Quorum altera prosunt, nocent altera. Ita graviter et severe voluptatem secrevit a bono. Quid ergo attinet dicere:Lorem ipsum dolor sit amet, consectetur adipiscing elit. Quod autem magnum dolorem brevem, longinquum levem esse dicitis, id non intellego quale sit. "
71,Mathematics and its History,John,Stillwell,./images/Bookshelf_Images/All_Textbook_Images/Mathematics_and_its_History.JPG,3,"Lorem ipsum dolor sit amet, consectetur adipiscing elit. Quod autem magnum dolorem brevem, longinquum levem esse dicitis, id non intellego quale sit. Quorum altera prosunt, nocent altera. Ita graviter et severe voluptatem secrevit a bono. Quid ergo attinet dicere:Lorem ipsum dolor sit amet, consectetur adipiscing elit. Quod autem magnum dolorem brevem, longinquum levem esse dicitis, id non intellego quale sit. "
72,Modern Computer Architecture and Organization,Jim,Ledin,./images/Bookshelf_Images/All_Textbook_Images/Modern_Computer_Architecture_and_Organization.JPG,3,"Lorem ipsum dolor sit amet, consectetur adipiscing elit. Quod autem magnum dolorem brevem, longinquum levem esse dicitis, id non intellego quale sit. Quorum altera prosunt, nocent altera. Ita graviter et severe voluptatem secrevit a bono. Quid ergo attinet dicere:Lorem ipsum dolor sit amet, consectetur adipiscing elit. Quod autem magnum dolorem brevem, longinquum levem esse dicitis, id non intellego quale sit. "
73,Natural Language Processing,Steven,Bird,./images/Bookshelf_Images/All_Textbook_Images/Natural_Language_Processing.JPG,4,"Lorem ipsum dolor sit amet, consectetur adipiscing elit. Quod autem magnum dolorem brevem, longinquum levem esse dicitis, id non intellego quale sit. Quorum altera prosunt, nocent altera. Ita graviter et severe voluptatem secrevit a bono. Quid ergo attinet dicere:Lorem ipsum dolor sit amet, consectetur adipiscing elit. Quod autem magnum dolorem brevem, longinquum levem esse dicitis, id non intellego quale sit. "
74,Neural Networks in Finance,Paul,McNelis,./images/Bookshelf_Images/All_Textbook_Images/Neural_Networks_in_Fincance.JPG,5,"Lorem ipsum dolor sit amet, consectetur adipiscing elit. Quod autem magnum dolorem brevem, longinquum levem esse dicitis, id non intellego quale sit. Quorum altera prosunt, nocent altera. Ita graviter et severe voluptatem secrevit a bono. Quid ergo attinet dicere:Lorem ipsum dolor sit amet, consectetur adipiscing elit. Quod autem magnum dolorem brevem, longinquum levem esse dicitis, id non intellego quale sit. "
75,Numerical Linear Algebra,Lloyd,Trefethen,./images/Bookshelf_Images/All_Textbook_Images/Numerical_Linear_Algebra.JPG,0,"Lorem ipsum dolor sit amet, consectetur adipiscing elit. Quod autem magnum dolorem brevem, longinquum levem esse dicitis, id non intellego quale sit. Quorum altera prosunt, nocent altera. Ita graviter et severe voluptatem secrevit a bono. Quid ergo attinet dicere:Lorem ipsum dolor sit amet, consectetur adipiscing elit. Quod autem magnum dolorem brevem, longinquum levem esse dicitis, id non intellego quale sit. "
76,Numerical Optimization,Jorge,Nocedal,./images/Bookshelf_Images/All_Textbook_Images/Numerical_Optimization.JPG,3,"Lorem ipsum dolor sit amet, consectetur adipiscing elit. Quod autem magnum dolorem brevem, longinquum levem esse dicitis, id non intellego quale sit. Quorum altera prosunt, nocent altera. Ita graviter et severe voluptatem secrevit a bono. Quid ergo attinet dicere:Lorem ipsum dolor sit amet, consectetur adipiscing elit. Quod autem magnum dolorem brevem, longinquum levem esse dicitis, id non intellego quale sit. "
77,Options Futures and Other Derivatives,John,Hull,./images/Bookshelf_Images/All_Textbook_Images/Options_Futures_and_Other_Derivatives.JPG,4,"Lorem ipsum dolor sit amet, consectetur adipiscing elit. Quod autem magnum dolorem brevem, longinquum levem esse dicitis, id non intellego quale sit. Quorum altera prosunt, nocent altera. Ita graviter et severe voluptatem secrevit a bono. Quid ergo attinet dicere:Lorem ipsum dolor sit amet, consectetur adipiscing elit. Quod autem magnum dolorem brevem, longinquum levem esse dicitis, id non intellego quale sit. "
78,Pattern Recognition and Machine Learning,Christopher,Bishop,./images/Bookshelf_Images/All_Textbook_Images/Pattern_Recognition_and_Machine_Learning.JPG,2,"Lorem ipsum dolor sit amet, consectetur adipiscing elit. Quod autem magnum dolorem brevem, longinquum levem esse dicitis, id non intellego quale sit. Quorum altera prosunt, nocent altera. Ita graviter et severe voluptatem secrevit a bono. Quid ergo attinet dicere:Lorem ipsum dolor sit amet, consectetur adipiscing elit. Quod autem magnum dolorem brevem, longinquum levem esse dicitis, id non intellego quale sit. "
79,PHP MySQL & Javascript,Robin,Nixon,./images/Bookshelf_Images/All_Textbook_Images/PHP_MySQL_&_Javascript.JPG,1,"Lorem ipsum dolor sit amet, consectetur adipiscing elit. Quod autem magnum dolorem brevem, longinquum levem esse dicitis, id non intellego quale sit. Quorum altera prosunt, nocent altera. Ita graviter et severe voluptatem secrevit a bono. Quid ergo attinet dicere:Lorem ipsum dolor sit amet, consectetur adipiscing elit. Quod autem magnum dolorem brevem, longinquum levem esse dicitis, id non intellego quale sit. "
80,Practical Malware Analysis,Sikorski,Honig,./images/Bookshelf_Images/All_Textbook_Images/Practical_Malware_Analysis.JPG,1,"Lorem ipsum dolor sit amet, consectetur adipiscing elit. Quod autem magnum dolorem brevem, longinquum levem esse dicitis, id non intellego quale sit. Quorum altera prosunt, nocent altera. Ita graviter et severe voluptatem secrevit a bono. Quid ergo attinet dicere:Lorem ipsum dolor sit amet, consectetur adipiscing elit. Quod autem magnum dolorem brevem, longinquum levem esse dicitis, id non intellego quale sit. "
81,Probabilistic Graphical Models,Daphne,Koller,./images/Bookshelf_Images/All_Textbook_Images/Probabilistic_Graphical_Models.JPG,2,"Lorem ipsum dolor sit amet, consectetur adipiscing elit. Quod autem magnum dolorem brevem, longinquum levem esse dicitis, id non intellego quale sit. Quorum altera prosunt, nocent altera. Ita graviter et severe voluptatem secrevit a bono. Quid ergo attinet dicere:Lorem ipsum dolor sit amet, consectetur adipiscing elit. Quod autem magnum dolorem brevem, longinquum levem esse dicitis, id non intellego quale sit. "
82,Pro Git,Scott,Chacon,./images/Bookshelf_Images/All_Textbook_Images/Pro_Git.JPG,3,"Lorem ipsum dolor sit amet, consectetur adipiscing elit. Quod autem magnum dolorem brevem, longinquum levem esse dicitis, id non intellego quale sit. Quorum altera prosunt, nocent altera. Ita graviter et severe voluptatem secrevit a bono. Quid ergo attinet dicere:Lorem ipsum dolor sit amet, consectetur adipiscing elit. Quod autem magnum dolorem brevem, longinquum levem esse dicitis, id non intellego quale sit. "
83,Python for Data Analysis,Wes,McKinney,./images/Bookshelf_Images/All_Textbook_Images/Python_for_Data_Analysis.JPG,1,"Lorem ipsum dolor sit amet, consectetur adipiscing elit. Quod autem magnum dolorem brevem, longinquum levem esse dicitis, id non intellego quale sit. Quorum altera prosunt, nocent altera. Ita graviter et severe voluptatem secrevit a bono. Quid ergo attinet dicere:Lorem ipsum dolor sit amet, consectetur adipiscing elit. Quod autem magnum dolorem brevem, longinquum levem esse dicitis, id non intellego quale sit. "
84,Python Machine Learning,Sebastian,Raschka,./images/Bookshelf_Images/All_Textbook_Images/Python_Machine_Learning.JPG,1,"Lorem ipsum dolor sit amet, consectetur adipiscing elit. Quod autem magnum dolorem brevem, longinquum levem esse dicitis, id non intellego quale sit. Quorum altera prosunt, nocent altera. Ita graviter et severe voluptatem secrevit a bono. Quid ergo attinet dicere:Lorem ipsum dolor sit amet, consectetur adipiscing elit. Quod autem magnum dolorem brevem, longinquum levem esse dicitis, id non intellego quale sit. "
85,Quantum Mechanics,David,Griffiths,./images/Bookshelf_Images/All_Textbook_Images/Quantum_Mechanics.JPG,2,"Lorem ipsum dolor sit amet, consectetur adipiscing elit. Quod autem magnum dolorem brevem, longinquum levem esse dicitis, id non intellego quale sit. Quorum altera prosunt, nocent altera. Ita graviter et severe voluptatem secrevit a bono. Quid ergo attinet dicere:Lorem ipsum dolor sit amet, consectetur adipiscing elit. Quod autem magnum dolorem brevem, longinquum levem esse dicitis, id non intellego quale sit. "
86,Red Team Field Mannual,Ben,Clarke,./images/Bookshelf_Images/All_Textbook_Images/Red_Team_Field_Mannual.JPG,1,"Lorem ipsum dolor sit amet, consectetur adipiscing elit. Quod autem magnum dolorem brevem, longinquum levem esse dicitis, id non intellego quale sit. Quorum altera prosunt, nocent altera. Ita graviter et severe voluptatem secrevit a bono. Quid ergo attinet dicere:Lorem ipsum dolor sit amet, consectetur adipiscing elit. Quod autem magnum dolorem brevem, longinquum levem esse dicitis, id non intellego quale sit. "
87,Reinforcement Learning,Richard,Sutton,./images/Bookshelf_Images/All_Textbook_Images/Reinforcement_Learning.JPG,1,"Lorem ipsum dolor sit amet, consectetur adipiscing elit. Quod autem magnum dolorem brevem, longinquum levem esse dicitis, id non intellego quale sit. Quorum altera prosunt, nocent altera. Ita graviter et severe voluptatem secrevit a bono. Quid ergo attinet dicere:Lorem ipsum dolor sit amet, consectetur adipiscing elit. Quod autem magnum dolorem brevem, longinquum levem esse dicitis, id non intellego quale sit. "
88,Scikit Learn Cookbook,Julian,Avila,./images/Bookshelf_Images/All_Textbook_Images/Scikit_Learn_Cookbook.JPG,3,"Lorem ipsum dolor sit amet, consectetur adipiscing elit. Quod autem magnum dolorem brevem, longinquum levem esse dicitis, id non intellego quale sit. Quorum altera prosunt, nocent altera. Ita graviter et severe voluptatem secrevit a bono. Quid ergo attinet dicere:Lorem ipsum dolor sit amet, consectetur adipiscing elit. Quod autem magnum dolorem brevem, longinquum levem esse dicitis, id non intellego quale sit. "
89,Simulation Modeling and Analysis,Averill,Law,./images/Bookshelf_Images/All_Textbook_Images/Simulation_Modeling_and_Analysis.JPG,2,"Lorem ipsum dolor sit amet, consectetur adipiscing elit. Quod autem magnum dolorem brevem, longinquum levem esse dicitis, id non intellego quale sit. Quorum altera prosunt, nocent altera. Ita graviter et severe voluptatem secrevit a bono. Quid ergo attinet dicere:Lorem ipsum dolor sit amet, consectetur adipiscing elit. Quod autem magnum dolorem brevem, longinquum levem esse dicitis, id non intellego quale sit. "
90,Stochastic Calculus for Finance I,Steven,Shreve,./images/Bookshelf_Images/All_Textbook_Images/Stochastic_Calculus_for_Finance_I.JPG,3,"Lorem ipsum dolor sit amet, consectetur adipiscing elit. Quod autem magnum dolorem brevem, longinquum levem esse dicitis, id non intellego quale sit. Quorum altera prosunt, nocent altera. Ita graviter et severe voluptatem secrevit a bono. Quid ergo attinet dicere:Lorem ipsum dolor sit amet, consectetur adipiscing elit. Quod autem magnum dolorem brevem, longinquum levem esse dicitis, id non intellego quale sit. "
91,Stochastic Calculus for Finance II,Steven,Shreve,./images/Bookshelf_Images/All_Textbook_Images/Stochastic_Calculus_for_Finance_II.JPG,2,"Lorem ipsum dolor sit amet, consectetur adipiscing elit. Quod autem magnum dolorem brevem, longinquum levem esse dicitis, id non intellego quale sit. Quorum altera prosunt, nocent altera. Ita graviter et severe voluptatem secrevit a bono. Quid ergo attinet dicere:Lorem ipsum dolor sit amet, consectetur adipiscing elit. Quod autem magnum dolorem brevem, longinquum levem esse dicitis, id non intellego quale sit. "
92,TCP & IP Illustrated Volume 1,Kevin,Fall,./images/Bookshelf_Images/All_Textbook_Images/TCP_&_IP_Illustrated_Volume_1.JPG,3,"Lorem ipsum dolor sit amet, consectetur adipiscing elit. Quod autem magnum dolorem brevem, longinquum levem esse dicitis, id non intellego quale sit. Quorum altera prosunt, nocent altera. Ita graviter et severe voluptatem secrevit a bono. Quid ergo attinet dicere:Lorem ipsum dolor sit amet, consectetur adipiscing elit. Quod autem magnum dolorem brevem, longinquum levem esse dicitis, id non intellego quale sit. "
93,TCP & IP Illustrated Volume 2,Gary,Wright,./images/Bookshelf_Images/All_Textbook_Images/TCP_&_IP_Illustrated_Volume_2.JPG,5,"Lorem ipsum dolor sit amet, consectetur adipiscing elit. Quod autem magnum dolorem brevem, longinquum levem esse dicitis, id non intellego quale sit. Quorum altera prosunt, nocent altera. Ita graviter et severe voluptatem secrevit a bono. Quid ergo attinet dicere:Lorem ipsum dolor sit amet, consectetur adipiscing elit. Quod autem magnum dolorem brevem, longinquum levem esse dicitis, id non intellego quale sit. "
94,TCP & IP Illustrated Volume 3,Richard,Stevens,./images/Bookshelf_Images/All_Textbook_Images/TCP_&_IP_Illustrated_Volume_3.JPG,2,"Lorem ipsum dolor sit amet, consectetur adipiscing elit. Quod autem magnum dolorem brevem, longinquum levem esse dicitis, id non intellego quale sit. Quorum altera prosunt, nocent altera. Ita graviter et severe voluptatem secrevit a bono. Quid ergo attinet dicere:Lorem ipsum dolor sit amet, consectetur adipiscing elit. Quod autem magnum dolorem brevem, longinquum levem esse dicitis, id non intellego quale sit. "
95,Theory of Games and Economic Behavior,John,Von Neumann,./images/Bookshelf_Images/All_Textbook_Images/Theory_of_Games_and_Economic_Behavior.JPG,5,"Lorem ipsum dolor sit amet, consectetur adipiscing elit. Quod autem magnum dolorem brevem, longinquum levem esse dicitis, id non intellego quale sit. Quorum altera prosunt, nocent altera. Ita graviter et severe voluptatem secrevit a bono. Quid ergo attinet dicere:Lorem ipsum dolor sit amet, consectetur adipiscing elit. Quod autem magnum dolorem brevem, longinquum levem esse dicitis, id non intellego quale sit. "
96,Thermal Physics,Charles,Kittel,./images/Bookshelf_Images/All_Textbook_Images/Thermal_Physics.JPG,4,"Lorem ipsum dolor sit amet, consectetur adipiscing elit. Quod autem magnum dolorem brevem, longinquum levem esse dicitis, id non intellego quale sit. Quorum altera prosunt, nocent altera. Ita graviter et severe voluptatem secrevit a bono. Quid ergo attinet dicere:Lorem ipsum dolor sit amet, consectetur adipiscing elit. Quod autem magnum dolorem brevem, longinquum levem esse dicitis, id non intellego quale sit. "
97,The Art of Computer Programming Volume 1,Donald,Knuth,./images/Bookshelf_Images/All_Textbook_Images/The_Art_of_Computer_Programming_Volume_1.JPG,3,"Lorem ipsum dolor sit amet, consectetur adipiscing elit. Quod autem magnum dolorem brevem, longinquum levem esse dicitis, id non intellego quale sit. Quorum altera prosunt, nocent altera. Ita graviter et severe voluptatem secrevit a bono. Quid ergo attinet dicere:Lorem ipsum dolor sit amet, consectetur adipiscing elit. Quod autem magnum dolorem brevem, longinquum levem esse dicitis, id non intellego quale sit. "
98,The Art of Computer Programming Volume 2,Donald,Knuth,./images/Bookshelf_Images/All_Textbook_Images/The_Art_of_Computer_Programming_Volume_2.JPG,2,"Lorem ipsum dolor sit amet, consectetur adipiscing elit. Quod autem magnum dolorem brevem, longinquum levem esse dicitis, id non intellego quale sit. Quorum altera prosunt, nocent altera. Ita graviter et severe voluptatem secrevit a bono. Quid ergo attinet dicere:Lorem ipsum dolor sit amet, consectetur adipiscing elit. Quod autem magnum dolorem brevem, longinquum levem esse dicitis, id non intellego quale sit. "
99,The Art of Computer Programming Volume 3,Donald,Knuth,./images/Bookshelf_Images/All_Textbook_Images/The_Art_of_Computer_Programming_Volume_3.JPG,4,"Lorem ipsum dolor sit amet, consectetur adipiscing elit. Quod autem magnum dolorem brevem, longinquum levem esse dicitis, id non intellego quale sit. Quorum altera prosunt, nocent altera. Ita graviter et severe voluptatem secrevit a bono. Quid ergo attinet dicere:Lorem ipsum dolor sit amet, consectetur adipiscing elit. Quod autem magnum dolorem brevem, longinquum levem esse dicitis, id non intellego quale sit. "
100,The Art of Computer Programming Volume 4A,Donald,Knuth,./images/Bookshelf_Images/All_Textbook_Images/The_Art_of_Computer_Programming_Volume_4A.JPG,3,"Lorem ipsum dolor sit amet, consectetur adipiscing elit. Quod autem magnum dolorem brevem, longinquum levem esse dicitis, id non intellego quale sit. Quorum altera prosunt, nocent altera. Ita graviter et severe voluptatem secrevit a bono. Quid ergo attinet dicere:Lorem ipsum dolor sit amet, consectetur adipiscing elit. Quod autem magnum dolorem brevem, longinquum levem esse dicitis, id non intellego quale sit. "
101,The Art of Electronics,Paul,Horowitz,./images/Bookshelf_Images/All_Textbook_Images/The_Art_of_Electronics.JPG,2,"Lorem ipsum dolor sit amet, consectetur adipiscing elit. Quod autem magnum dolorem brevem, longinquum levem esse dicitis, id non intellego quale sit. Quorum altera prosunt, nocent altera. Ita graviter et severe voluptatem secrevit a bono. Quid ergo attinet dicere:Lorem ipsum dolor sit amet, consectetur adipiscing elit. Quod autem magnum dolorem brevem, longinquum levem esse dicitis, id non intellego quale sit. "
102,The Art of Electronics X Chapters,Paul,Horowitz,./images/Bookshelf_Images/All_Textbook_Images/The_Art_of_Electronics_X_Chapters.JPG,3,"Lorem ipsum dolor sit amet, consectetur adipiscing elit. Quod autem magnum dolorem brevem, longinquum levem esse dicitis, id non intellego quale sit. Quorum altera prosunt, nocent altera. Ita graviter et severe voluptatem secrevit a bono. Quid ergo attinet dicere:Lorem ipsum dolor sit amet, consectetur adipiscing elit. Quod autem magnum dolorem brevem, longinquum levem esse dicitis, id non intellego quale sit. "
103,The Basics of Hacking & Penetration Testing,Patrick,Engebretson,./images/Bookshelf_Images/All_Textbook_Images/The_Basics_of_Hacking_&_Penetration_Testing.JPG,3,"Lorem ipsum dolor sit amet, consectetur adipiscing elit. Quod autem magnum dolorem brevem, longinquum levem esse dicitis, id non intellego quale sit. Quorum altera prosunt, nocent altera. Ita graviter et severe voluptatem secrevit a bono. Quid ergo attinet dicere:Lorem ipsum dolor sit amet, consectetur adipiscing elit. Quod autem magnum dolorem brevem, longinquum levem esse dicitis, id non intellego quale sit. "
104,The C Programming Language,Brian,Kernighan,./images/Bookshelf_Images/All_Textbook_Images/The_C_Programming_Language.JPG,4,"Lorem ipsum dolor sit amet, consectetur adipiscing elit. Quod autem magnum dolorem brevem, longinquum levem esse dicitis, id non intellego quale sit. Quorum altera prosunt, nocent altera. Ita graviter et severe voluptatem secrevit a bono. Quid ergo attinet dicere:Lorem ipsum dolor sit amet, consectetur adipiscing elit. Quod autem magnum dolorem brevem, longinquum levem esse dicitis, id non intellego quale sit. "
105,The Feynman Lectures Volume 1,Richard,Feynman,./images/Bookshelf_Images/All_Textbook_Images/The_Feynman_Lectures_Volume_1.JPG,5,"Lorem ipsum dolor sit amet, consectetur adipiscing elit. Quod autem magnum dolorem brevem, longinquum levem esse dicitis, id non intellego quale sit. Quorum altera prosunt, nocent altera. Ita graviter et severe voluptatem secrevit a bono. Quid ergo attinet dicere:Lorem ipsum dolor sit amet, consectetur adipiscing elit. Quod autem magnum dolorem brevem, longinquum levem esse dicitis, id non intellego quale sit. "
106,The Feynman Lectures Volume 2,Richard,Feynman,./images/Bookshelf_Images/All_Textbook_Images/The_Feynman_Lectures_Volume_2.JPG,0,"Lorem ipsum dolor sit amet, consectetur adipiscing elit. Quod autem magnum dolorem brevem, longinquum levem esse dicitis, id non intellego quale sit. Quorum altera prosunt, nocent altera. Ita graviter et severe voluptatem secrevit a bono. Quid ergo attinet dicere:Lorem ipsum dolor sit amet, consectetur adipiscing elit. Quod autem magnum dolorem brevem, longinquum levem esse dicitis, id non intellego quale sit. "
107,The Feynman Lectures Volume 3,Richard,Feynman,./images/Bookshelf_Images/All_Textbook_Images/The_Feynman_Lectures_Volume_3.JPG,3,"Lorem ipsum dolor sit amet, consectetur adipiscing elit. Quod autem magnum dolorem brevem, longinquum levem esse dicitis, id non intellego quale sit. Quorum altera prosunt, nocent altera. Ita graviter et severe voluptatem secrevit a bono. Quid ergo attinet dicere:Lorem ipsum dolor sit amet, consectetur adipiscing elit. Quod autem magnum dolorem brevem, longinquum levem esse dicitis, id non intellego quale sit. "
108,The Hacker Playbook,Peter,Kim,./images/Bookshelf_Images/All_Textbook_Images/The_Hacker_Playbook.JPG,4,"Lorem ipsum dolor sit amet, consectetur adipiscing elit. Quod autem magnum dolorem brevem, longinquum levem esse dicitis, id non intellego quale sit. Quorum altera prosunt, nocent altera. Ita graviter et severe voluptatem secrevit a bono. Quid ergo attinet dicere:Lorem ipsum dolor sit amet, consectetur adipiscing elit. Quod autem magnum dolorem brevem, longinquum levem esse dicitis, id non intellego quale sit. "
109,The Linux Command Line,William,Shotts,./images/Bookshelf_Images/All_Textbook_Images/The_Linux_Command_Line.JPG,2,"Lorem ipsum dolor sit amet, consectetur adipiscing elit. Quod autem magnum dolorem brevem, longinquum levem esse dicitis, id non intellego quale sit. Quorum altera prosunt, nocent altera. Ita graviter et severe voluptatem secrevit a bono. Quid ergo attinet dicere:Lorem ipsum dolor sit amet, consectetur adipiscing elit. Quod autem magnum dolorem brevem, longinquum levem esse dicitis, id non intellego quale sit. "
110,The Python Bible,Maurice,Thompson,./images/Bookshelf_Images/All_Textbook_Images/The_Python_Bible.JPG,1,"Lorem ipsum dolor sit amet, consectetur adipiscing elit. Quod autem magnum dolorem brevem, longinquum levem esse dicitis, id non intellego quale sit. Quorum altera prosunt, nocent altera. Ita graviter et severe voluptatem secrevit a bono. Quid ergo attinet dicere:Lorem ipsum dolor sit amet, consectetur adipiscing elit. Quod autem magnum dolorem brevem, longinquum levem esse dicitis, id non intellego quale sit. "
111,The Trachenburg Method,John,Carlin,./images/Bookshelf_Images/All_Textbook_Images/The_Trachenburg_Method.JPG,1,"Lorem ipsum dolor sit amet, consectetur adipiscing elit. Quod autem magnum dolorem brevem, longinquum levem esse dicitis, id non intellego quale sit. Quorum altera prosunt, nocent altera. Ita graviter et severe voluptatem secrevit a bono. Quid ergo attinet dicere:Lorem ipsum dolor sit amet, consectetur adipiscing elit. Quod autem magnum dolorem brevem, longinquum levem esse dicitis, id non intellego quale sit. "
112,The Volatility Surface,Jim,Gatheral,./images/Bookshelf_Images/All_Textbook_Images/The_Volatility.JPG,2,"Lorem ipsum dolor sit amet, consectetur adipiscing elit. Quod autem magnum dolorem brevem, longinquum levem esse dicitis, id non intellego quale sit. Quorum altera prosunt, nocent altera. Ita graviter et severe voluptatem secrevit a bono. Quid ergo attinet dicere:Lorem ipsum dolor sit amet, consectetur adipiscing elit. Quod autem magnum dolorem brevem, longinquum levem esse dicitis, id non intellego quale sit. "
113,This Machine Kills Secrets,Andy,Greenburg,./images/Bookshelf_Images/All_Textbook_Images/This_Machine_Kills_Secrets.JPG,3,"Lorem ipsum dolor sit amet, consectetur adipiscing elit. Quod autem magnum dolorem brevem, longinquum levem esse dicitis, id non intellego quale sit. Quorum altera prosunt, nocent altera. Ita graviter et severe voluptatem secrevit a bono. Quid ergo attinet dicere:Lorem ipsum dolor sit amet, consectetur adipiscing elit. Quod autem magnum dolorem brevem, longinquum levem esse dicitis, id non intellego quale sit. "
114,Thomas' Calculus,George,Thomas,./images/Bookshelf_Images/All_Textbook_Images/Thomas'_Calculus.JPG,1,"Lorem ipsum dolor sit amet, consectetur adipiscing elit. Quod autem magnum dolorem brevem, longinquum levem esse dicitis, id non intellego quale sit. Quorum altera prosunt, nocent altera. Ita graviter et severe voluptatem secrevit a bono. Quid ergo attinet dicere:Lorem ipsum dolor sit amet, consectetur adipiscing elit. Quod autem magnum dolorem brevem, longinquum levem esse dicitis, id non intellego quale sit. "
115,Time Series Analysis & it's Applications,Robert,Shumway,./images/Bookshelf_Images/All_Textbook_Images/Time_Series_Analysis_&_it's_Applications.JPG,1,"Lorem ipsum dolor sit amet, consectetur adipiscing elit. Quod autem magnum dolorem brevem, longinquum levem esse dicitis, id non intellego quale sit. Quorum altera prosunt, nocent altera. Ita graviter et severe voluptatem secrevit a bono. Quid ergo attinet dicere:Lorem ipsum dolor sit amet, consectetur adipiscing elit. Quod autem magnum dolorem brevem, longinquum levem esse dicitis, id non intellego quale sit. "
116,Topology a First Course,James,Munkres,./images/Bookshelf_Images/All_Textbook_Images/Topology_a_First_Course.JPG,2,"Lorem ipsum dolor sit amet, consectetur adipiscing elit. Quod autem magnum dolorem brevem, longinquum levem esse dicitis, id non intellego quale sit. Quorum altera prosunt, nocent altera. Ita graviter et severe voluptatem secrevit a bono. Quid ergo attinet dicere:Lorem ipsum dolor sit amet, consectetur adipiscing elit. Quod autem magnum dolorem brevem, longinquum levem esse dicitis, id non intellego quale sit. "
117,Understanding Analysis,Stephen,Abbott,./images/Bookshelf_Images/All_Textbook_Images/Understanding_Analysis.JPG,1,"Lorem ipsum dolor sit amet, consectetur adipiscing elit. Quod autem magnum dolorem brevem, longinquum levem esse dicitis, id non intellego quale sit. Quorum altera prosunt, nocent altera. Ita graviter et severe voluptatem secrevit a bono. Quid ergo attinet dicere:Lorem ipsum dolor sit amet, consectetur adipiscing elit. Quod autem magnum dolorem brevem, longinquum levem esse dicitis, id non intellego quale sit. "
118,Vector Calculus,Susan,Colley,./images/Bookshelf_Images/All_Textbook_Images/Vector_Calculus.JPG,1,"Lorem ipsum dolor sit amet, consectetur adipiscing elit. Quod autem magnum dolorem brevem, longinquum levem esse dicitis, id non intellego quale sit. Quorum altera prosunt, nocent altera. Ita graviter et severe voluptatem secrevit a bono. Quid ergo attinet dicere:Lorem ipsum dolor sit amet, consectetur adipiscing elit. Quod autem magnum dolorem brevem, longinquum levem esse dicitis, id non intellego quale sit. "
